Date,Pond No,pH,TDS,Temperature,Turbidity,DO,Salinity,pH_t-1,TDS_t-1,Temperature_t-1,DO_t-1,Salinity_t-1,Turbidity_t-1,pH_t-2,TDS_t-2,Temperature_t-2,DO_t-2,Salinity_t-2,Turbidity_t-2,pH_t-3,TDS_t-3,Temperature_t-3,DO_t-3,Salinity_t-3,Turbidity_t-3,pH_rolling_mean_3,pH_rolling_std_3,TDS_rolling_mean_3,TDS_rolling_std_3,Temperature_rolling_mean_3,Temperature_rolling_std_3,DO_rolling_mean_3,DO_rolling_std_3,Salinity_rolling_mean_3,Salinity_rolling_std_3,Turbidity_rolling_mean_3,Turbidity_rolling_std_3,day_of_week,month
2/23/2022,23,9,8500,30.6,28.91785806,5.123113621,17,8.54,8000,30.2,5.380994526,16,33.15163106,9.04,6000,30.5,5.154797868,12,47.85266884,8.4,5500,30.2,6.481477923,11,11.28386298,8.78,0.250599282,7500,1322.875656,30.1,0.458257569,5.534302005,0.475086724,15,2.645751311,36.61238598,9.971003914,2,2
2/23/2022,0,8.601,5500,31.1,14.54639455,6.352774098,11,8.76,8500,29.6,6.067113621,17,28.83285806,8.54,8000,30.2,5.380994526,16,33.15163106,9.04,6000,30.5,5.154797868,12,47.85266884,8.533333333,0.230072452,7333.333333,1607.275127,29.96666667,0.321455025,6.250794082,0.974707629,14.66666667,3.214550254,25.49196122,9.768433877,2,2
2/24/2022,3,8.169,9500,29.9,14.26102183,6.987196962,19,8.3,5500,30.1,7.304274098,11,14.49139455,8.76,8500,29.6,6.067113621,17,28.83285806,8.54,8000,30.2,5.380994526,16,33.15163106,8.313333333,0.440151489,7833.333333,2081.665999,29.53333333,0.602771377,7.097361561,0.943955719,15.66666667,4.163331999,19.16342481,8.375554987,3,2
2/24/2022,0,8.286,9500,29.6,23.75969424,5.497901422,19,7.88,9500,28.9,7.920696962,19,14.16602183,8.3,5500,30.1,7.304274098,11,14.49139455,8.76,8500,29.6,6.067113621,17,28.83285806,8.06,0.216333077,8166.666667,2309.401077,29.2,0.793725393,7.217290827,0.750686916,16.33333333,4.618802154,17.44070354,5.392588622,3,2
2/24/2022,1,8.509,10500,29.9,10.23894489,4.353158541,21,8,9500,28.6,6.426901422,19,23.66469424,7.88,9500,28.9,7.920696962,19,14.16602183,8.3,5500,30.1,7.304274098,11,14.49139455,8.033333333,0.172433562,9833.333333,577.3502692,28.8,0.173205081,6.544752309,1.320967912,19.66666667,1.154700538,15.98822032,6.946984957,3,2
2/24/2022,2,8.48,9500,29,45.36323693,4.548228241,19,8.22,10500,28.9,5.286658541,21,10.13394489,8,9500,28.6,6.426901422,19,23.66469424,7.88,9500,28.9,7.920696962,19,14.16602183,8.14,0.121655251,9833.333333,577.3502692,28.5,0.458257569,5.727262735,0.612668433,19.66666667,1.154700538,26.35562535,17.72104545,3,2
2/24/2022,23,8.289,6000,29.9,7.580599627,5.172384397,12,8.2,9500,28,5.468228241,19,45.26823693,8.22,10500,28.9,5.286658541,21,10.13394489,8,9500,28.6,6.426901422,19,23.66469424,8.14,0.121655251,8666.666667,2362.907813,28.6,0.519615242,5.62025706,0.430252626,17.33333333,4.725815626,20.97426048,21.07973819,3,2
2/24/2022,16,8.156,5500,30.6,23.75482378,6.138848314,11,8,6000,28.9,6.105884397,12,7.520599627,8.2,9500,28,5.468228241,19,45.26823693,8.22,10500,28.9,5.286658541,21,10.13394489,8.02,0.170880075,7000,2179.449472,28.83333333,0.802080628,6.218986984,0.813230374,14,4.358898944,25.49622011,18.9378275,3,2
2/24/2022,17,7.978,5500,30.8,15.86350127,4.410156805,11,7.86,5500,29.6,7.082848314,11,23.69982378,8,6000,28.9,6.105884397,12,7.520599627,8.2,9500,28,5.468228241,19,45.26823693,7.846666667,0.160416126,5666.666667,288.6751346,29.43333333,0.472581563,6.181963172,0.865357603,11.33333333,0.577350269,15.67630823,8.090422103,3,2
2/28/2022,16,9,7500,30.9,36.62533508,6.541339697,15,7.68,5500,29.8,5.357156805,11,15.80850127,7.86,5500,29.6,7.082848314,11,23.69982378,8,6000,28.9,6.105884397,12,7.520599627,8.16,0.681469001,6166.666667,1154.700538,29.76666667,0.152752523,6.643281605,1.132253615,12.33333333,2.309401077,25.35288671,10.46925882,0,2
2/28/2022,2,8.454,7000,30.4,45.49543558,4.565473108,14,8.94,7500,29.9,7.489839697,15,36.55033508,7.68,5500,29.8,5.357156805,11,15.80850127,7.86,5500,29.6,7.082848314,11,23.69982378,8.26,0.635924524,6666.666667,1040.833,29.7,0.264575131,6.117823203,1.190544322,13.33333333,2.081665999,32.59475731,15.19952782,0,2
2/28/2022,23,8.497,7000,30.7,24.35587067,7.013563822,14,8.16,7000,29.4,5.506473108,14,45.42543558,8.94,7500,29.9,7.489839697,15,36.55033508,7.68,5500,29.8,5.357156805,11,15.80850127,8.433333333,0.439241771,7166.666667,288.6751346,29.66666667,0.251661148,6.985125542,1.301865041,14.33333333,0.577350269,35.42054711,10.61497135,0,2
2/28/2022,0,8.813,7000,30.3,34.79772953,6.446520339,14,8.2,7000,29.7,7.959063822,14,24.28587067,8.16,7000,29.4,5.506473108,14,45.42543558,8.94,7500,29.9,7.489839697,15,36.55033508,8.293333333,0.197315314,7000,0,29.46666667,0.2081666,6.95051909,1.282983361,14,0,34.81301193,10.57004049,0,2
2/28/2022,1,8.772,7000,30.2,23.52379237,5.794625143,14,8.52,7000,29.3,7.386020339,14,34.72772953,8.2,7000,29.7,7.959063822,14,24.28587067,8.16,7000,29.4,5.506473108,14,45.42543558,8.4,0.174355958,7000,0,29.4,0.264575131,7.359236435,0.613657878,14,0,27.48913086,6.282600705,0,2
2/28/2022,3,8.318,7000,30.8,42.15509281,4.199654702,14,8.48,7000,29.2,6.732625143,14,23.45379237,8.52,7000,29.3,7.386020339,14,34.72772953,8.2,7000,29.7,7.959063822,14,24.28587067,8.34,0.27784888,7000,0,29.43333333,0.321455025,6.421766728,1.151592085,14,0,33.4222049,9.384009533,0,2
3/2/2022,16,8.743,5000,29.03205081,27.48684913,4.397455547,10,8.02,7000,29.8,5.146654702,14,42.08509281,8.48,7000,29.2,6.732625143,14,23.45379237,8.52,7000,29.3,7.386020339,14,34.72772953,8.323333333,0.262741952,6333.333333,1154.700538,28.76666667,1.30511813,5.850753599,0.807791988,12.66666667,2.309401077,30.99191144,9.811227752,2,3
3/2/2022,1,8.946,5000,29.33205081,18.23980105,6.257626611,10,8.47,5000,27.3,5.672980951,10,27.43684913,8.02,7000,29.8,5.146654702,14,42.08509281,8.48,7000,29.2,6.732625143,14,23.45379237,8.386666667,0.332916406,5666.666667,1154.700538,28.23333333,1.365039682,6.119095889,1.256376115,11.33333333,2.309401077,29.23724767,12.04895507,2,3
3/2/2022,2,8.928,5000,29.53205081,45.91577883,5.33605667,10,8.67,5000,27.6,7.537652015,10,18.18980105,8.47,5000,27.3,5.672980951,10,27.43684913,8.02,7000,29.8,5.146654702,14,42.08509281,8.596666667,0.110151411,5000,0,27.56666667,0.251661148,6.609905013,0.932369405,10,0,30.49747634,14.08955343,2,3
3/2/2022,3,8.852,5500,28.93205081,12.78112763,6.672870437,11,8.65,5000,27.8,6.619082074,10,45.86577883,8.67,5000,27.6,7.537652015,10,18.18980105,8.47,5000,27.3,5.672980951,10,27.43684913,8.633333333,0.047258156,5166.666667,288.6751346,27.53333333,0.305505046,7.367876643,0.679992726,10.33333333,0.577350269,25.59390251,17.76723555,2,3
3/2/2022,23,8.94,5500,28.73205081,21.06918031,5.451224898,11,8.58,5500,27.2,7.946895841,11,12.72612763,8.65,5000,27.8,6.619082074,10,45.86577883,8.67,5000,27.6,7.537652015,10,18.18980105,8.633333333,0.047258156,5333.333333,288.6751346,27.33333333,0.4163332,7.096076072,0.738634977,10.66666667,0.577350269,26.53536226,17.24591859,2,3
3/2/2022,16,8.838,5500,28.53205081,9.791194551,4.805634817,11,8.67,5500,27,6.722250302,11,21.01418031,8.58,5500,27.2,7.946895841,11,12.72612763,8.65,5000,27.8,6.619082074,10,45.86577883,8.606666667,0.055075705,5500,0,27,0.2,6.914268788,0.951265602,11,0,14.4921675,5.842723109,2,3
3/2/2022,0,8.346,5000,30.33205081,14.5144349,4.415161391,10,8.57,5500,26.8,6.073660221,11,9.736194551,8.67,5500,27,6.722250302,11,21.01418031,8.58,5500,27.2,7.946895841,11,12.72612763,8.433333333,0.327159492,5333.333333,288.6751346,27.46666667,0.986576572,6.168699106,0.512681605,10.66666667,0.577350269,15.07160325,5.663455728,2,3
3/2/2022,1,8.025,5500,30.23205081,31.90678464,6.073948149,11,8.06,5000,28.6,5.710186794,10,14.4644349,8.57,5500,26.8,6.073660221,11,9.736194551,8.67,5500,27,6.722250302,11,21.01418031,8.123333333,0.418608807,5333.333333,288.6751346,27.96666667,1.011599394,6.383773523,0.87107838,10.66666667,0.577350269,18.68413803,11.64599726,2,3
3/2/2022,2,8.307,5000,30.43205081,42.08031863,4.795260262,10,7.74,5500,28.5,7.367473553,11,31.85178464,8.06,5000,28.6,5.710186794,10,14.4644349,8.57,5500,26.8,6.073660221,11,9.736194551,7.94,0.174355958,5166.666667,288.6751346,28.6,0.1,6.389815338,0.867909047,10.33333333,0.577350269,29.44884605,13.93915607,2,3
3/2/2022,3,9,5000,30.63205081,28.88959033,6.199549796,10,8.02,5000,28.7,6.091785666,10,42.03031863,7.74,5500,28.5,7.367473553,11,31.85178464,8.06,5000,28.6,5.710186794,10,14.4644349,8.2,0.571664237,5166.666667,288.6751346,28.7,0.2,6.986111473,0.777299,10.33333333,0.577350269,34.24056453,6.912201555,2,3
3/2/2022,0,8.786,5000,29.33205081,13.25698049,4.247057013,10,8.84,5000,28.9,7.4990752,10,28.83959033,8.02,5000,28.7,6.091785666,10,42.03031863,7.74,5500,28.5,7.367473553,11,31.85178464,8.456666667,0.412593424,5000,0,28.4,0.7,6.372647761,1.015554785,10,0,28.02562982,14.42889823,2,3
3/2/2022,23,8.616,5500,29.33205081,30.97580078,5.09111813,11,8.51,5000,27.6,5.527082417,10,13.20698049,8.84,5000,28.9,7.4990752,10,28.83959033,8.02,5000,28.7,6.091785666,10,42.03031863,8.563333333,0.254230866,5166.666667,288.6751346,28.03333333,0.75055535,6.465767051,0.989395821,10.33333333,0.577350269,24.3224572,9.682366758,2,3
5/22/2024,3,8.08011649,10500,29.74369977,46.02189129,4.946358767,21,8.34,5500,27.6,6.371143534,11,30.92080078,8.51,5000,27.6,5.527082417,10,13.20698049,8.84,5000,28.9,7.4990752,10,28.83959033,8.216666667,0.37072002,7000,3041.381265,27.73721632,0.237665639,6.043594952,0.452648124,14,6.08276253,30.01489085,16.37376165,2,5
5/22/2024,2,7.895767815,10000,31.30883226,33.44137736,4.936658495,20,7.8,10500,28.01164896,6.232558905,21,45.91689129,8.34,5500,27.6,6.371143534,11,30.92080078,8.51,5000,27.6,5.527082417,10,13.20698049,7.913333333,0.382796726,8666.666667,2753.785274,28.39614347,1.042973275,6.28334602,0.076346265,17.33333333,5.507570547,36.72635648,8.050729493,2,5
5/22/2024,0,7.891823325,10000,30.91438328,36.60357039,6.44850451,20,7.8,5000,29.85513877,5.002397575,10,20.20210788,7.6,10000,29.57678146,6.24633562,20,33.34137736,7.8,10500,28.01164896,6.232558905,21,45.91689129,7.666666667,0.115470054,8333.333333,2886.751346,29.53808423,0.338068312,6.333666032,1.377012175,16.66666667,5.773502692,30.01568521,8.644627883,2,5
6/3/2024,0,8.293109622,3500,30.31096218,32.67586161,4.144298781,7,7.6,10000,29.18233247,7.752264901,20,36.50357039,7.8,5000,29.85513877,5.002397575,10,20.20210788,7.6,10000,29.57678146,6.24633562,20,33.34137736,7.8,0.2,6166.666667,3403.429643,29.44947781,0.357151245,5.946208563,1.564622274,12.33333333,6.806859286,29.78217996,8.518419197,0,6
6/11/2024,0,7.705849581,4500,31.5849581,26.71327173,4.253080229,9,8,3500,29.31096218,5.083963213,7,32.64086161,7.6,10000,29.18233247,7.752264901,20,36.50357039,7.8,5000,29.85513877,5.002397575,10,20.20210788,7.666666667,0.305505046,6000,3500,29.69275092,0.775346145,6.016027572,1.504984751,12,7,31.93756791,4.955223652,1,6
6/12/2024,7,8.281461509,11500,29.14615093,44.78874102,6.996111052,23,7.4,4500,30.5849581,5.2118546,9,26.66827173,8,3500,29.31096218,5.083963213,7,32.64086161,7.6,10000,29.18233247,7.752264901,20,36.50357039,7.8,0.346410162,6500,4358.898944,29.34735707,1.219810863,6.07137371,1.600765685,13,8.717797887,34.66095812,9.171140796,2,6
6/12/2024,10,8.506908098,12000,31.69080984,21.83391896,4.592798416,24,8,11500,28.14615093,7.918303316,23,44.67374102,7.4,4500,30.5849581,5.2118546,9,26.66827173,8,3500,29.31096218,5.083963213,7,32.64086161,7.866666667,0.4163332,9333.333333,4193.248542,29.80730629,1.439575975,6.227772827,1.473954695,18.66666667,8.386497084,31.0186439,12.08232845,2,6
6/12/2024,5,8.708407518,11500,31.84075182,36.00453253,4.997596571,23,8.2,12000,30.69080984,5.553160563,24,21.71391896,8,11500,28.14615093,7.918303316,23,44.67374102,7.4,4500,30.5849581,5.2118546,9,26.66827173,8.2,0.2,11666.66667,288.6751346,29.89257086,1.51430102,6.477223909,1.264497634,23.33333333,0.577350269,34.0923975,11.58493107,2,6
6/12/2024,9,8.071529058,11500,28.15290577,28.64437154,6.609233415,23,8.4,11500,30.84075182,5.960207849,23,35.88953253,8.2,12000,30.69080984,5.553160563,24,21.71391896,8,11500,28.14615093,7.918303316,23,44.67374102,8.133333333,0.305505046,11666.66667,288.6751346,29.56148914,2.087241255,6.343298471,1.036229107,23.33333333,0.577350269,28.71094101,7.089550804,2,6
6/12/2024,8,7.796692779,11000,30.66927788,45.16678092,7.004045049,22,7.8,11500,27.15290577,7.516527001,23,28.52937154,8.4,11500,30.84075182,5.960207849,23,35.88953253,8.2,12000,30.69080984,5.553160563,24,21.71391896,7.9,0.458257569,11333.33333,288.6751346,29.22097849,1.884351716,7.141939689,1.046013405,22.66666667,0.577350269,36.49189499,8.28015372,2,6
6/12/2024,6,8.313479097,11500,32.34790966,6.800078945,4.659666682,23,7.5,11000,29.66927788,7.949084217,22,45.05678092,7.8,11500,27.15290577,7.516527001,23,28.52937154,8.4,11500,30.84075182,5.960207849,23,35.88953253,7.766666667,0.251661148,11333.33333,288.6751346,29.3900311,2.111397286,7.031832182,1.233234639,22.66666667,0.577350269,26.75707713,19.24714651,2,6
6/13/2024,0,8.512384472,9500,32.23844722,15.31897588,6.426042318,19,8,11500,31.34790966,5.629885327,23,6.685078945,7.5,11000,29.66927788,7.949084217,22,45.05678092,7.8,11500,27.15290577,7.516527001,23,28.52937154,7.9,0.360555128,10666.66667,1040.833,30.75187825,0.939155568,6.99119619,1.211087677,21.33333333,2.081665999,22.32194525,20.14653208,3,6
6/13/2024,2,8.301061598,9000,31.10615982,45.2082015,4.601661055,18,8,2500,30.17915592,5.648296479,5,42.46211376,8.2,9500,31.23844722,7.394619027,19,15.22397588,8,11500,31.34790966,5.629885327,23,6.685078945,8.066666667,0.115470054,7000,3905.124838,30.50792099,0.633706191,6.198722986,1.036766029,14,7.810249676,34.26809705,16.54607547,3,6
6/13/2024,3,8.577162062,10000,28.71620623,32.35297912,6.421667573,20,8,9000,30.10615982,5.553253452,18,45.1182015,8,2500,30.17915592,5.648296479,5,42.46211376,8.2,9500,31.23844722,7.394619027,19,15.22397588,8.1,0.173205081,7166.666667,4072.263908,29.33384066,1.401387872,6.179653533,1.003772624,14.33333333,8.144527815,39.94443146,6.792093186,3,6
6/15/2024,0,8.085959194,4500,29.59591938,7.858088663,4.624140536,9,8.3,10000,27.71620623,7.337410667,20,32.25297912,8,9000,30.10615982,5.553253452,18,45.1182015,8,2500,30.17915592,5.648296479,5,42.46211376,8.033333333,0.251661148,7833.333333,2929.732639,28.80609514,1.208759667,6.147914482,1.030133917,15.66666667,5.859465277,28.39475642,18.94946629,5,6
6/15/2024,10,8.505549387,11000,31.55493871,14.95370893,4.349697897,22,7.8,4500,28.59591938,5.553079327,9,7.813088663,8.3,10000,27.71620623,7.337410667,20,32.25297912,8,9000,30.10615982,5.553253452,18,45.1182015,8.1,0.264575131,8500,3500,28.95568811,1.45316058,6.066170657,1.107723633,17,7,18.3032589,12.58186893,5,6
6/15/2024,5,9,10500,32.91078318,28.00894963,6.414642102,21,8.2,11000,30.55493871,5.308021978,22,14.84370893,7.8,4500,28.59591938,5.553079327,9,7.813088663,8.3,10000,27.71620623,7.337410667,20,32.25297912,8.233333333,0.450924975,8666.666667,3617.089069,30.35388042,1.666552978,6.084801718,1.139801144,17.33333333,7.234178138,16.8535824,10.19511486,5,6
6/15/2024,6,8.309111331,10500,31.9111331,6.030433473,6.728021724,21,8.7,10500,31.91078318,7.39330385,21,27.90394963,8.2,11000,30.55493871,5.308021978,22,14.84370893,7.8,4500,28.59591938,5.553079327,9,7.813088663,8.3,0.360555128,10666.66667,288.6751346,31.12561833,0.702909308,6.797671516,1.298672473,21.33333333,0.577350269,16.22436401,11.05411459,5,6
6/15/2024,7,8.296343304,10500,30.63433045,45.70263753,4.191748339,21,8,10500,30.9111331,7.691688721,21,5.925433473,8.7,10500,31.91078318,7.39330385,21,27.90394963,8.2,11000,30.55493871,5.308021978,22,14.84370893,8.233333333,0.404145188,10500,0,30.81874891,1.141034791,6.740418622,1.397227296,21,0,26.47567354,19.87463014,5,6
6/15/2024,8,7.714680568,10500,32.46805678,41.67822591,5.632640806,21,8,10500,29.63433045,5.136263296,21,45.59763753,8,10500,30.9111331,7.691688721,21,5.925433473,8.7,10500,31.91078318,7.39330385,21,27.90394963,7.8,0.346410162,10500,0,30.67117344,0.940118899,6.477537892,1.282446924,21,0,31.03209897,21.83592136,5,6
6/15/2024,9,7.984014383,11000,29.40143828,14.40973344,6.12568178,22,7.4,10500,31.46805678,6.604661658,21,41.57322591,8,10500,29.63433045,5.136263296,21,45.59763753,8,10500,30.9111331,7.691688721,21,5.925433473,7.7,0.3,10666.66667,288.6751346,29.8346085,1.543088051,6.264209436,1.002077063,21.33333333,0.577350269,33.82353229,17.02741946,5,6
6/17/2024,12,8.314830273,9500,32.48302727,37.36056139,4.531011409,19,7.7,11000,28.40143828,7.051703354,22,14.29973344,7.4,10500,31.46805678,6.604661658,21,41.57322591,8,10500,29.63433045,5.136263296,21,45.59763753,7.7,0.3,10333.33333,763.7626158,30.45084078,1.774850411,6.38654061,0.79693429,20.66666667,1.527525232,31.04617358,14.66190426,0,6
6/17/2024,13,8.273774893,5000,28.37748933,19.02557528,5.435769536,10,8,9500,31.48302727,5.503256818,19,37.26556139,7.7,11000,28.40143828,7.051703354,22,14.29973344,7.4,10500,31.46805678,6.604661658,21,41.57322591,7.9,0.173205081,8500,3122.498999,29.08731829,2.13698011,6.300464016,0.775246059,17,6.244997998,23.51362337,12.13683335,0,6
6/17/2024,14,7.891999164,7500,30.19991637,23.87683436,6.110815802,15,8,5000,27.37748933,6.346431876,10,18.97557528,8,9500,31.48302727,5.503256818,19,37.26556139,7.7,11000,28.40143828,7.051703354,22,14.29973344,7.866666667,0.230940108,7333.333333,2254.624876,29.35347766,2.057072251,6.29950108,0.773846916,14.66666667,4.509249753,26.68099034,9.478821254,0,6
6/17/2024,11,8.477331418,7500,28.73314183,31.74159482,6.715672905,15,7.6,7500,29.19991637,7.048814548,15,23.80183436,8,5000,27.37748933,6.346431876,10,18.97557528,8,9500,31.48302727,5.503256818,19,37.26556139,7.933333333,0.305505046,6666.666667,1443.375673,28.10351584,0.966019023,7.008972152,0.643544747,13.33333333,2.886751346,24.81466815,6.40584643,0,6
6/17/2024,3,8.583524373,8000,29.35243726,13.22030139,4.433595109,16,8.2,7500,27.73314183,7.631670032,15,31.66659482,7.6,7500,29.19991637,7.048814548,15,23.80183436,8,5000,27.37748933,6.346431876,10,18.97557528,8.033333333,0.37859389,7666.666667,288.6751346,28.42849849,0.736339503,6.679788749,1.180477347,15.33333333,0.577350269,22.86957686,9.298264093,0,6
6/17/2024,1,8.488520072,7500,29.85200725,32.26868478,4.608329563,15,8.3,8000,28.35243726,5.358881668,16,13.14030139,8.2,7500,27.73314183,7.631670032,15,31.66659482,7.6,7500,29.19991637,7.048814548,15,23.80183436,8.233333333,0.057735027,7666.666667,288.6751346,28.31252878,0.560499302,6.177220457,1.262881402,15.33333333,0.577350269,25.66686033,10.85151903,0,6
6/17/2024,0,9,7500,28.56357173,5.824983909,5.540788212,15,8.2,7500,28.85200725,5.541109672,15,32.19368478,8.3,8000,28.35243726,5.358881668,16,13.14030139,8.2,7500,27.73314183,7.631670032,15,31.66659482,8.5,0.435889894,7666.666667,288.6751346,28.25600541,0.649608224,5.784744376,0.586917243,15.33333333,0.577350269,17.02799003,13.64378691,0,6
6/17/2024,15,7.875481449,9000,28.54814493,30.09446195,5.269326748,18,9,7500,27.56357173,6.454241788,15,5.749983909,8.2,7500,28.85200725,5.541109672,15,32.19368478,8.3,8000,28.35243726,5.358881668,16,13.14030139,8.266666667,0.702376917,8000,866.0254038,27.98790797,0.748371678,6.059300127,0.468876599,16,1.732050808,22.64937688,14.67618091,0,6
6/17/2024,2,9,7000,30.43646392,35.74414588,6.903155373,14,7.6,9000,27.54814493,6.182548922,18,30.00446195,9,7500,27.56357173,6.454241788,15,5.749983909,8.2,7500,28.85200725,5.541109672,15,32.19368478,8.533333333,0.808290377,7833.333333,1040.833,28.18272686,1.08579554,6.827164347,0.891623192,15.66666667,2.081665999,23.80953058,15.89486547,0,6
6/18/2024,18,7.890348884,11500,30.03488835,27.45281385,4.997106847,23,9,7000,29.43646392,7.844702332,14,35.67414588,7.6,9000,27.54814493,6.182548922,18,30.00446195,9,7500,27.56357173,6.454241788,15,5.749983909,8.066666667,0.808290377,9166.666667,2254.624876,28.67316573,0.994771127,6.653293809,1.039329374,18.33333333,4.509249753,31.00547389,4.257361458,1,6
6/18/2024,1,8.299671899,11500,30.96718992,14.44321893,4.230975978,23,7.6,11500,29.03488835,5.932630173,23,27.33781385,9,7000,29.43646392,7.844702332,14,35.67414588,7.6,9000,27.54814493,6.182548922,18,30.00446195,8.2,0.721110255,10000,2598.076211,29.47951406,0.467639325,6.319272111,1.373547979,20,5.196152423,25.78005955,10.7578854,1,6
6/18/2024,16,7.896004148,12000,30.60041477,28.05379377,6.315049061,24,8,11500,29.96718992,5.180483827,23,14.32821893,7.6,11500,29.03488835,5.932630173,23,27.33781385,9,7000,29.43646392,7.844702332,14,35.67414588,7.733333333,0.230940108,11666.66667,288.6751346,29.53416435,0.469668384,6.124056427,1.052424739,23.33333333,0.577350269,23.19994218,7.688914302,1,6
6/18/2024,23,8.308626095,11500,31.86260953,19.5446743,4.780229366,23,7.6,12000,29.60041477,7.259055283,24,27.93379377,8,11500,29.96718992,5.180483827,23,14.32821893,7.6,11500,29.03488835,5.932630173,23,27.33781385,7.866666667,0.230940108,11666.66667,288.6751346,30.14340474,0.649286261,6.06090254,1.075095814,23.33333333,0.577350269,20.56389566,6.873336908,1,6
6/18/2024,17,8.096727941,12000,30.67279409,38.07687774,5.750416136,24,8,11500,30.86260953,5.743168509,23,19.4296743,7.6,12000,29.60041477,7.259055283,24,27.93379377,8,11500,29.96718992,5.180483827,23,14.32821893,7.8,0.2,11833.33333,288.6751346,30.0452728,0.70875891,6.565910613,0.766208065,23.66666667,0.577350269,28.44011527,9.273973686,1,6
6/18/2024,0,8.484780111,9000,29.47801105,44.29647335,4.729538405,18,8.2,7000,29.89199151,7.460028748,14,23.72658029,7.8,12000,29.67279409,6.695508047,24,37.95687774,8,11500,30.86260953,5.743168509,23,19.4296743,8.066666667,0.230940108,9333.333333,2516.611478,29.34759888,0.76101848,6.604081789,0.905129818,18.66666667,5.033222957,35.29664379,10.49591055,1,6
6/18/2024,1,9,8500,31.38008589,27.37393055,5.390144303,17,8.2,9000,28.47801105,5.65670857,18,44.20647335,8.2,7000,29.89199151,7.460028748,14,23.72658029,7.8,12000,29.67279409,6.695508047,24,37.95687774,8.633333333,0.75055535,8166.666667,1040.833,29.58336282,0.987882041,6.487527637,0.909970476,16.33333333,2.081665999,31.7406614,10.94166055,1,6
6/18/2024,2,8.891588279,8500,30.15882789,37.11262116,6.802942079,17,9.5,8500,30.38008589,6.345845591,17,27.28893055,8.2,9000,28.47801105,5.65670857,18,44.20647335,8.2,7000,29.89199151,7.460028748,14,23.72658029,8.766666667,0.665832812,8666.666667,288.6751346,29.33897494,0.963748874,6.580959553,1.061519083,17.33333333,0.577350269,36.17434168,8.490988045,1,6
6/18/2024,3,8.083517968,11000,29.35179684,24.81249049,6.904065722,22,8.6,8500,29.15882789,7.740324497,17,37.02762116,9.5,8500,30.38008589,6.345845591,17,27.28893055,8.2,9000,28.47801105,5.65670857,18,44.20647335,8.633333333,0.850490055,9333.333333,1443.375673,29.29690354,1.021169807,7.305170921,0.831991512,18.66666667,2.886751346,29.67301407,6.499238582,1,6
6/18/2024,0,8.782328322,10000,29.2328322,9.08508363,5.195196663,20,7.8,11000,28.35179684,7.829342675,22,24.70249049,8.6,8500,29.15882789,7.740324497,17,37.02762116,9.5,8500,30.38008589,6.345845591,17,27.28893055,8.3,0.435889894,9833.333333,1258.305739,28.58115231,0.503805473,7.229452106,0.962978102,19.66666667,2.516611478,23.57173176,14.05542384,1,6
6/18/2024,2,8.278711697,8500,28.87116973,9.675393334,4.536199702,17,8.5,10000,28.2328322,6.118689146,20,8.98508363,7.8,11000,28.35179684,7.829342675,22,24.70249049,8.6,8500,29.15882789,7.740324497,17,37.02762116,8.1,0.360555128,9833.333333,1258.305739,28.15193292,0.25031805,6.467433023,1.225341805,19.66666667,2.516611478,14.42598915,8.904855967,1,6
6/18/2024,1,8.499184435,8500,30.91844354,38.18053444,4.469080101,17,8,8500,27.87116973,5.454267248,17,9.590393334,8.5,10000,28.2328322,6.118689146,20,8.98508363,7.8,11000,28.35179684,7.829342675,22,24.70249049,8.233333333,0.251661148,9000,866.0254038,28.67414849,1.092658487,5.663604383,0.394535217,18,1.732050808,18.89033713,16.63494222,1,6
6/18/2024,2,7.899736289,11500,30.97362886,5.122889342,6.464821577,23,8.2,8500,29.91844354,5.417856754,17,38.09553444,8,8500,27.87116973,5.454267248,17,9.590393334,8.5,10000,28.2328322,6.118689146,20,8.98508363,7.933333333,0.305505046,9500,1732.050808,29.25441404,1.198242456,6.095516671,1.142354067,19,3.464101615,17.56460571,17.92732863,1,6
6/18/2024,0,9,9000,28.89380193,31.42547023,6.98300175,18,7.6,11500,29.97362886,7.41442601,23,5.007889342,8.2,8500,29.91844354,5.417856754,17,38.09553444,8,8500,27.87116973,5.454267248,17,9.590393334,8.2,0.6,9666.666667,1607.275127,29.26195811,1.185179252,6.911230514,1.316021256,19.33333333,3.214550254,24.81296467,17.4815724,1,6
6/20/2024,15,7.985288502,9000,29.52885018,18.8226689,5.56498216,18,8.8,9000,27.89380193,7.901408779,18,31.33547023,7.6,11500,29.97362886,7.41442601,23,5.007889342,8.2,8500,29.91844354,5.417856754,17,38.09553444,8.033333333,0.665832812,9833.333333,1443.375673,28.79876032,1.065860513,7.269583234,0.715330913,19.66666667,2.886751346,18.35867616,13.16777437,3,6
6/20/2024,14,7.888289959,7500,29.82899585,19.35823869,5.509184805,15,7.7,9000,28.52885018,6.492914913,18,18.7326689,8.8,9000,27.89380193,7.901408779,18,31.33547023,7.6,11500,29.97362886,7.41442601,23,5.007889342,8.033333333,0.665832812,8500,866.0254038,28.41721599,0.477486717,6.945314478,0.828399078,17,1.732050808,23.11712594,7.12261672,3,6
6/20/2024,13,8.305872308,5000,31.5872308,16.55710224,6.631480699,10,7.6,7500,28.82899585,6.441619743,15,19.28323869,7.7,9000,28.52885018,6.492914913,18,18.7326689,8.8,9000,27.89380193,7.901408779,18,31.33547023,7.766666667,0.2081666,7166.666667,2020.725942,29.31502561,1.111935872,6.841607939,0.648884025,14.33333333,4.041451884,18.17433661,1.469875711,3,6
6/20/2024,12,8.318358328,9000,32.83583279,27.13730906,4.025660334,18,8,5000,30.5872308,7.590289161,10,16.50710224,7.6,7500,28.82899585,6.441619743,15,19.28323869,7.7,9000,28.52885018,6.492914913,18,18.7326689,7.866666667,0.230940108,7166.666667,2020.725942,30.41735315,1.510599516,6.345035576,1.296247187,14.33333333,4.041451884,20.94588333,5.463266458,3,6
6/20/2024,11,8.518316536,7500,32.83165363,12.8394955,6.576578387,15,8,9000,31.83583279,5.003197826,18,27.04730906,8,5000,30.5872308,7.590289161,10,16.50710224,7.6,7500,28.82899585,6.441619743,15,19.28323869,8.066666667,0.115470054,7166.666667,2020.725942,31.41823907,0.719677309,6.715846726,1.483308111,14.33333333,4.041451884,18.77296893,7.406099158,3,6
6/25/2024,2,9,7000,30.30898628,22.62064932,5.182754213,14,8.2,7500,31.83165363,7.554053191,15,12.7644955,8,9000,31.83583279,5.003197826,18,27.04730906,8,5000,30.5872308,7.590289161,10,16.50710224,8.333333333,0.4163332,7833.333333,1040.833,30.99215757,1.457670591,6.226546675,1.278613463,15.66666667,2.081665999,20.78748463,7.30282501,1,6
6/25/2024,18,7.807290873,5000,31.72908735,14.77890243,6.747928581,10,8.8,7000,29.30898628,6.122389007,14,22.55064932,8.2,7500,31.83165363,7.554053191,15,12.7644955,8,9000,31.83583279,5.003197826,18,27.04730906,8.166666667,0.65064071,6500,1322.875656,30.62324242,1.264660035,7.128435696,0.87469373,13,2.645751311,16.68134908,5.176991171,1,6
6/25/2024,0,8.309318993,2500,31.93189933,17.99137892,4.082941154,5,7.5,5000,30.72908735,7.708864891,10,14.72890243,8.8,7000,29.30898628,6.122389007,14,22.55064932,8.2,7500,31.83165363,7.554053191,15,12.7644955,8.1,0.655743852,4833.333333,2254.624876,30.32332432,0.884276211,6.292724514,1.339122385,9.666666667,4.509249753,18.41531022,3.930150834,1,6
6/25/2024,17,7.705984536,6500,31.59845361,29.22871483,6.969487551,13,8,2500,30.93189933,5.046919644,5,17.96637892,7.5,5000,30.72908735,7.708864891,10,14.72890243,8.8,7000,29.30898628,6.122389007,14,22.55064932,7.633333333,0.321455025,4666.666667,2020.725942,30.75314676,0.168019801,6.89474963,1.60403015,9.333333333,4.041451884,20.61966539,7.574357998,1,6
6/25/2024,2,8.11018651,3500,32.01865104,28.80057768,6.310847032,7,7.4,6500,30.59845361,7.928464355,13,29.16371483,8,2500,30.93189933,5.046919644,5,17.96637892,7.5,5000,30.72908735,7.708864891,10,14.72890243,7.733333333,0.305505046,4166.666667,2081.665999,30.84966799,0.221839954,6.750503599,1.510971472,8.333333333,4.163331999,25.29855715,6.352972252,1,6
6/25/2024,23,8.493531076,5000,30.35310763,18.05657732,5.300314265,10,7.8,3500,31.01865104,7.276126797,7,28.76557768,7.4,6500,30.59845361,7.928464355,13,29.16371483,8,2500,30.93189933,5.046919644,5,17.96637892,7.8,0.4,5000,1500,30.32340409,0.866168513,7.148400677,0.851144999,10,3,25.31195661,6.329775136,1,6
6/25/2024,3,8.106656198,3000,31.66561976,22.14853646,4.482664594,6,8.2,5000,29.35310763,6.240610879,10,18.00657732,7.8,3500,31.01865104,7.276126797,7,28.76557768,7.4,6500,30.59845361,7.928464355,13,29.16371483,7.933333333,0.230940108,3833.333333,1040.833,30.34579281,0.877625019,6.319795522,0.919300258,7.666666667,2.081665999,22.96356382,5.429049241,1,6
6/25/2024,16,8.309285292,7500,31.92852917,23.01577675,6.396970848,15,7.8,3000,30.66561976,5.44264889,6,22.11853646,8.2,5000,29.35310763,6.240610879,10,18.00657732,7.8,3500,31.01865104,7.276126797,7,28.76557768,8,0.2,5166.666667,2254.624876,30.31575218,0.843974969,6.348052852,0.96362778,10.33333333,4.509249753,21.02196351,2.643564863,1,6
6/25/2024,23,8.29692448,7500,30.69244797,18.25626542,5.449012092,15,8,7500,30.92852917,7.360898786,15,22.94077675,7.8,3000,30.66561976,5.44264889,6,22.11853646,8.2,5000,29.35310763,6.240610879,10,18.00657732,7.933333333,0.115470054,6000,2598.076211,30.42886563,0.651163245,6.399315496,0.959134399,12,5.196152423,21.08019287,2.543984093,1,6
6/25/2024,3,9,7000,30.68552969,24.38579912,5.227335869,14,8,7500,29.69244797,6.394398811,15,18.18126542,8,7500,30.92852917,7.360898786,15,22.94077675,7.8,3000,30.66561976,5.44264889,6,22.11853646,8.4,0.692820323,7333.333333,288.6751346,30.10216894,0.715657308,6.642638804,0.631838304,14.66666667,0.577350269,21.81261376,3.21911319,1,6
6/25/2024,1,8.115159609,8000,32.51596095,21.86191522,6.630693399,16,9.2,7000,29.68552969,6.172618814,14,24.31579912,8,7500,29.69244797,6.394398811,15,18.18126542,8,7500,30.92852917,7.360898786,15,22.94077675,8.333333333,0.757187779,7500,500,30.29797954,1.054808518,6.72348348,0.770084225,15,1,21.42632659,3.082686879,1,6
6/25/2024,1,8.098472309,3500,30.84723091,21.14046922,5.930563329,7,7.8,8000,31.51596095,7.603432814,16,21.78191522,9.2,7000,29.68552969,6.172618814,14,24.31579912,8,7500,29.69244797,6.394398811,15,18.18126542,8.266666667,0.808290377,6166.666667,2362.907813,30.34957385,1.013351355,6.884774474,0.715429164,12.33333333,4.725815626,22.40106119,1.692353635,1,6
6/26/2024,1,8.607440305,9500,31.74403053,48.55306316,4.901413198,19,7.8,3500,29.84723091,6.878271793,7,21.10546922,7.8,8000,31.51596095,7.603432814,16,21.78191522,9.2,7000,29.68552969,6.172618814,14,24.31579912,7.966666667,0.288675135,7000,3122.498999,30.70240746,0.835143308,6.781426088,0.874460959,14,6.244997998,30.44848253,15.60042117,2,6
6/26/2024,2,9,6500,31.41367397,27.42085409,5.940224035,13,8.3,9500,30.74403053,5.862573656,19,48.45806316,7.8,3500,29.84723091,6.878271793,7,21.10546922,7.8,8000,31.51596095,7.603432814,16,21.78191522,8.433333333,0.709459888,6500,3000,30.33497847,0.453549472,6.545758198,0.591724818,13,6,32.30646215,14.33256742,2,6
6/26/2024,3,9,5000,31.46866473,22.56512631,6.342508357,10,9.2,6500,30.41367397,6.896429144,13,27.35585409,8.3,9500,30.74403053,5.862573656,19,48.45806316,7.8,3500,29.84723091,6.878271793,7,21.10546922,8.933333333,0.550757055,7000,2291.287847,30.54212308,0.177005536,6.686180376,0.741195167,14,4.582575695,32.77634785,13.79475652,2,6
6/26/2024,23,9,9500,28.42736851,12.28494198,6.037161173,19,9.3,5000,30.46866473,7.299538328,10,22.51512631,9.2,6500,30.41367397,6.896429144,13,27.35585409,8.3,9500,30.74403053,5.862573656,19,48.45806316,9.1,0.264575131,7000,2291.287847,29.43656907,1.740235951,7.048179724,0.219238619,14,4.582575695,20.68697413,7.746471958,2,6
6/26/2024,16,8.492832772,9000,30.28327719,16.9415247,4.376049183,18,8.8,9500,27.42736851,6.948571701,19,12.18994198,9.3,5000,30.46866473,7.299538328,10,22.51512631,9.2,6500,30.41367397,6.896429144,13,27.35585409,8.766666667,0.550757055,7833.333333,2466.441431,29.05977015,1.53291788,6.521136123,1.058927741,15.66666667,4.932882862,17.185531,5.170689316,2,6
6/26/2024,17,8.005601686,8500,31.56016856,15.89635305,6.582103362,17,8.2,9000,29.28327719,5.315298341,18,16.8515247,8.8,9500,27.42736851,6.948571701,19,12.18994198,9.3,5000,30.46866473,7.299538328,10,22.51512631,8.233333333,0.550757055,9000,500,29.09027142,1.575292815,6.601458644,1.152498488,18,1,14.95093991,2.447002539,2,6
6/26/2024,0,9,7500,30.92203468,46.18404896,5.142273325,15,7.7,8500,30.56016856,7.54050589,17,15.81135305,8.2,9000,29.28327719,5.315298341,18,16.8515247,8.8,9500,27.42736851,6.948571701,19,12.18994198,8.3,0.655743852,8333.333333,763.7626158,29.92182681,0.638445707,6.315636025,1.129468098,16.66666667,1.527525232,26.2573089,17.19997607,2,6
6/27/2024,0,8.106350496,10500,31.6350496,38.06952139,5.248404793,21,9,7500,29.92203468,6.091103845,15,46.10904896,7.7,8500,30.56016856,7.54050589,17,15.81135305,8.2,9000,29.28327719,5.315298341,18,16.8515247,8.166666667,0.723417814,8833.333333,1527.525232,30.37241761,0.391835913,6.613180091,0.805209273,17.66666667,3.055050463,33.29497447,15.67932064,3,6
6/27/2024,2,7.78733455,6000,29.73345497,10.12706443,5.780709054,12,7.8,10500,30.6350496,6.207930537,21,37.96452139,9,7500,29.92203468,6.091103845,15,46.10904896,7.7,8500,30.56016856,7.54050589,17,15.81135305,8.1,0.793725393,8000,2291.287847,29.76351308,0.960657253,6.336915087,0.329796957,16,4.582575695,31.38021159,18.90161405,3,6
6/27/2024,2,8.801025546,7500,31.10255463,23.37054698,4.195273705,15,7.5,6000,28.73345497,6.711710878,12,10.06706443,7.8,10500,30.6350496,6.207930537,21,37.96452139,9,7500,29.92203468,6.091103845,15,46.10904896,7.933333333,0.513160144,8000,2291.287847,29.8236864,0.980989884,6.022151147,0.798819499,16,4.582575695,23.77571094,13.95492545,3,6
6/27/2024,3,7.693166062,6500,30.31660615,31.12077249,5.894092421,13,8.5,7500,30.10255463,5.146812025,15,23.29554698,7.5,6000,28.73345497,6.711710878,12,10.06706443,7.8,10500,30.6350496,6.207930537,21,37.96452139,7.8,0.608276253,6666.666667,763.7626158,29.38420525,0.687048541,6.230788139,0.940734891,13.33333333,1.527525232,21.47279463,10.61241189,3,6
6/27/2024,3,8.718377937,8000,32.83779372,9.187059072,5.568891879,16,7.4,6500,29.31660615,6.833841513,13,31.05577249,8.5,7500,30.10255463,5.146812025,15,23.29554698,7.5,6000,28.73345497,6.711710878,12,10.06706443,8.1,0.608276253,7333.333333,763.7626158,30.41898483,1.290035944,6.175704108,0.902558251,14.66666667,1.527525232,21.15279285,11.13014158,3,6
6/27/2024,1,8.814702859,10500,32.47028589,49.39563255,6.010341762,21,8.4,8000,31.83779372,6.546458785,16,9.107059072,7.4,6500,29.31660615,6.833841513,13,31.05577249,8.5,7500,30.10255463,5.146812025,15,23.29554698,8.1,0.608276253,8333.333333,2020.725942,30.87489525,1.361970701,6.787565449,0.22162227,16.66666667,4.041451884,29.81782137,20.12036994,3,6
6/28/2024,18,7.807775597,6500,31.77755966,8.507513358,6.744666873,13,8.5,10500,31.47028589,6.98239605,21,49.29063255,8.4,8000,31.83779372,6.546458785,16,9.107059072,7.4,6500,29.31660615,6.833841513,13,31.05577249,8.133333333,0.550757055,8333.333333,2020.725942,31.36187975,0.538366031,7.078395034,0.58586459,16.66666667,4.041451884,22.28006833,23.39419458,4,6
6/28/2024,0,8.592078204,6500,30.20782042,15.80441786,5.50643166,13,7.5,6500,30.77755966,7.706330268,13,8.442513358,8.5,10500,31.47028589,6.98239605,21,49.29063255,8.4,8000,31.83779372,6.546458785,16,9.107059072,8.1,0.529150262,7833.333333,2309.401077,30.48522199,1.159216758,7.044425095,0.633173526,15.66666667,4.618802154,24.49085459,21.78492469,4,6
6/28/2024,1,8.287566981,6000,29.75669811,19.18658605,6.840584832,12,8.3,6500,29.20782042,6.444548967,13,15.73941786,7.5,6500,30.77755966,7.706330268,13,8.442513358,8.5,10500,31.47028589,6.98239605,21,49.29063255,7.933333333,0.404145188,6333.333333,288.6751346,29.58069273,1.060775973,7.307604846,0.748147775,12.66666667,0.577350269,14.43617242,5.459962345,4,6
6/28/2024,2,8.281190536,7000,29.11905358,20.50471189,5.327142648,14,8,6000,28.75669811,7.771935304,12,19.12658605,8.3,6500,29.20782042,6.444548967,13,15.73941786,7.5,6500,30.77755966,7.706330268,13,8.442513358,8.1,0.173205081,6500,500,28.69452404,0.547039778,6.821804241,0.828630572,13,1,18.43357193,2.423148351,4,6
6/28/2024,16,8.275671088,7500,28.56710875,5.354372597,4.239685383,15,8,7000,28.11905358,6.248928451,14,20.43471189,8,6000,28.75669811,7.771935304,12,19.12658605,8.3,6500,29.20782042,6.444548967,13,15.73941786,8,0,6833.333333,763.7626158,28.14762015,0.595308952,6.391351923,1.315168217,13.66666667,1.527525232,14.94689018,8.39782534,4,6
6/28/2024,17,7.678887274,7000,28.88872741,49.88466553,4.958625417,14,8,7500,27.56710875,5.153192014,15,5.279372597,8,7000,28.11905358,6.248928451,14,20.43471189,8,6000,28.75669811,7.771935304,12,19.12658605,7.8,0.346410162,7166.666667,288.6751346,27.85829658,0.277227883,5.759692265,0.557200799,14.33333333,0.577350269,25.17625,22.64309424,4,6
6/28/2024,0,9,7500,29.77088397,11.23546683,5.634412204,15,7.4,7000,27.88872741,5.876956328,14,49.81466553,8,7500,27.56710875,5.153192014,15,5.279372597,8,7000,28.11905358,6.248928451,14,20.43471189,8.3,1.081665383,7333.333333,288.6751346,28.07557338,0.623259382,5.865374602,0.70646293,14.66666667,0.577350269,22.08483498,24.19409936,4,6
6/28/2024,2,9,8500,30.09852814,36.4509803,6.600850188,17,9.5,7500,29.44118205,5.618846628,15,14.8612815,9.5,7500,28.77088397,6.565975463,15,11.16046683,7.4,7000,27.88872741,5.876956328,14,49.81466553,9.333333333,0.288675135,7833.333333,577.3502692,29.10353139,0.335177046,6.574050067,0.95926623,15.66666667,1.154700538,20.79590954,13.61044947,4,6
6/28/2024,3,9,10000,31.04110182,37.62312097,6.222141691,20,9,8500,29.09852814,7.53732811,17,36.3659803,9.5,7500,29.44118205,5.618846628,15,14.8612815,9.5,7500,28.77088397,6.565975463,15,11.16046683,9.066666667,0.404145188,8666.666667,1258.305739,29.52693734,0.477102465,6.776310985,1.018832963,17.33333333,2.516611478,29.58346092,12.76290205,4,6
6/29/2024,0,8.29864105,2500,30.86410501,27.87510563,4.396288333,5,8.7,10000,30.04110182,7.172758218,20,37.52312097,9,8500,29.09852814,7.53732811,17,36.3659803,9.5,7500,29.44118205,5.618846628,15,14.8612815,8.566666667,0.513160144,7000,3968.626967,29.66791166,0.500979201,6.684778746,1.175155723,14,7.937253933,33.91306896,5.282460313,5,6
6/29/2024,1,8.275536712,5000,28.55367119,5.187142733,4.45459992,10,8,2500,29.86410501,5.344249908,5,27.85010563,8.7,10000,30.04110182,7.172758218,20,37.52312097,9,8500,29.09852814,7.53732811,17,36.3659803,8.233333333,0.404145188,5833.333333,3818.813079,29.15295934,1.387848665,5.961637705,1.048927817,11.66666667,7.637626158,23.50345644,16.62476814,5,6
6/29/2024,2,8.31777654,4500,32.77765404,20.89422372,6.691008987,9,8,5000,27.55367119,5.367904988,10,5.137142733,8,2500,29.86410501,5.344249908,5,27.85010563,8.7,10000,30.04110182,7.172758218,20,37.52312097,8,0,4000,1322.875656,29.73181008,2.115096748,6.126609565,1.334653183,8,2.645751311,17.94549069,11.63156997,5,6
6/29/2024,0,8.514368964,2500,32.4368964,34.99416696,5.899446758,5,8,4500,31.77765404,7.667673798,9,20.84922372,8,5000,27.55367119,5.367904988,10,5.137142733,8,2500,29.86410501,5.344249908,5,27.85010563,8.066666667,0.115470054,4000,1322.875656,30.25607388,2.346543025,6.63552633,1.167827086,8,2.645751311,20.31851114,14.92309148,5,6
6/29/2024,1,7.282573018,3000,29.25730175,32.7275657,4.562463244,6,8.2,2500,31.4368964,6.871000204,5,34.96916696,8,4500,31.77765404,7.667673798,9,20.84922372,8,5000,27.55367119,5.367904988,10,5.137142733,7.733333333,0.642910051,3333.333333,1040.833,30.4906174,1.94159806,6.674998924,1.103804988,6.666666667,2.081665999,29.50531879,7.581954202,5,6
7/1/2024,1,8.483598339,6500,28.3598339,25.8449648,5.956491626,13,7,3000,28.25730175,5.48632277,6,32.6975657,8.2,2500,31.4368964,6.871000204,5,34.96916696,8,4500,31.77765404,7.667673798,9,20.84922372,7.8,0.692820323,4000,2179.449472,29.35134402,1.806868774,6.246404036,0.702210836,8,4.358898944,31.14889916,4.786348829,0,7
7/1/2024,23,8.292208357,2500,29.22083573,47.73514752,5.176019431,5,8.2,6500,28.3598339,6.381889134,13,25.7799648,7,3000,28.25730175,5.48632277,6,32.6975657,8.2,2500,31.4368964,6.871000204,5,34.96916696,7.733333333,0.642910051,4000,2179.449472,28.61265713,0.529187227,5.827514624,0.484349989,8,4.358898944,35.39589268,11.21133154,0,7
7/1/2024,3,8.289571057,5500,28.95710574,34.76148476,6.205470003,11,8,2500,29.22083573,5.614331967,5,47.71014752,8.2,6500,28.3598339,6.381889134,13,25.7799648,7,3000,28.25730175,5.48632277,6,32.6975657,8.066666667,0.115470054,4833.333333,2081.665999,28.84592512,0.441137037,6.212015897,0.533434619,9.666666667,4.163331999,36.06553236,11.02807718,0,7
7/1/2024,0,9,5500,28.83377709,15.63712036,7.071118242,11,8,5500,28.95710574,6.639826589,11,34.70648476,8,2500,29.22083573,5.614331967,5,47.71014752,8.2,6500,28.3598339,6.381889134,13,25.7799648,8.4,0.692820323,4500,1732.050808,29.00390619,0.197727865,6.585927818,0.945799002,9,3.464101615,32.66625088,16.16089255,0,7
7/1/2024,2,9,5000,30.74857083,10.4585158,6.69739659,10,9.2,5500,28.83377709,7.503624898,11,15.58212036,8,5500,28.95710574,6.639826589,11,34.70648476,8,2500,29.22083573,5.614331967,5,47.71014752,8.9,0.793725393,5333.333333,288.6751346,29.51315122,1.071680317,7.100692213,0.43480346,10.66666667,0.577350269,20.23237364,12.79908066,0,7
7/1/2024,1,8.298283293,5000,29.82832932,36.44876999,5.909525594,10,9.5,5000,30.74857083,7.158625152,10,10.4085158,9.2,5500,28.83377709,7.503624898,11,15.58212036,8,5500,28.95710574,6.639826589,11,34.70648476,8.9,0.793725393,5166.666667,288.6751346,29.80355908,0.957637165,7.006400195,0.588298268,10.33333333,0.577350269,20.79646872,13.7573762,0,7
7/1/2024,16,8.083536957,5000,28.35369573,44.31887243,7.073689815,10,8,5000,29.82832932,6.356950534,10,36.39876999,9.5,5000,30.74857083,7.158625152,10,10.4085158,9.2,5500,28.83377709,7.503624898,11,15.58212036,8.433333333,0.929157324,5000,0,29.64353196,1.208084948,7.004856979,0.586344627,10,0,30.35871941,17.71983623,0,7
7/1/2024,2,8.074686105,5000,27.46861046,41.22535638,6.260265716,10,7.8,5000,28.35369573,7.498995251,10,44.26887243,8,5000,29.82832932,6.356950534,10,36.39876999,9.5,5000,30.74857083,7.158625152,10,10.4085158,7.866666667,0.115470054,5000,0,28.55021184,1.19207056,6.842746886,0.589793989,10,0,40.61433293,3.964932358,0,7
7/1/2024,0,7.873623911,5000,27.36239109,44.60741114,7.581544381,10,7.8,5000,27.46861046,6.672294873,10,41.17535638,7.8,5000,28.35369573,7.498995251,10,44.26887243,8,5000,29.82832932,6.356950534,10,36.39876999,7.733333333,0.115470054,5000,0,27.72823243,0.544264545,7.38775679,0.666837962,10,0,43.33387998,1.874895135,0,7
7/1/2024,3,7.909849161,5000,30.98491613,28.31048324,7.155960832,10,7.6,5000,27.36239109,7.991980247,10,44.55741114,7.8,5000,27.46861046,6.672294873,10,41.17535638,7.8,5000,28.35369573,7.498995251,10,44.26887243,7.666666667,0.115470054,5000,0,28.60530589,2.061487158,7.428336565,0.680555007,10,0,37.99775025,8.600601734,0,7
7/1/2024,15,7.816639674,9000,31.66396744,20.73718511,5.611591501,18,7.6,5000,30.98491613,7.620734574,10,28.26048324,7.6,5000,27.36239109,7.991980247,10,44.55741114,7.8,5000,27.46861046,6.672294873,10,41.17535638,7.566666667,0.057735027,6333.333333,2309.401077,30.00375822,2.312551167,7.233088611,1.010132262,12.66666667,4.618802154,31.1550265,12.21509364,0,7
7/1/2024,23,8.285072596,9000,28.50725965,32.25929233,6.157694499,18,7.5,9000,31.66396744,6.086551012,18,20.64718511,7.6,5000,30.98491613,7.620734574,10,28.26048324,7.6,5000,27.36239109,7.991980247,10,44.55741114,7.7,0.264575131,7666.666667,2309.401077,30.38538107,1.661560333,6.764196327,0.782580227,15.33333333,4.618802154,27.02565356,5.859466014,0,7
7/1/2024,13,8.094366665,5000,29.43666647,36.7712487,7.223724953,10,8,9000,28.50725965,6.585303394,18,32.16929233,7.5,9000,31.66396744,6.086551012,18,20.64718511,7.6,5000,30.98491613,7.620734574,10,28.26048324,7.766666667,0.251661148,7666.666667,2309.401077,29.86929785,1.622214062,6.779043118,0.806996672,15.33333333,4.618802154,29.84590871,8.285074753,0,7
7/1/2024,12,8.293933843,9500,29.39338431,10.09248216,5.9520339,19,7.8,5000,29.43666647,7.66527495,10,36.7212487,8,9000,28.50725965,6.585303394,18,32.16929233,7.5,9000,31.66396744,6.086551012,18,20.64718511,7.933333333,0.115470054,7833.333333,2466.441431,29.11243681,0.524545406,6.881171003,0.685832109,15.66666667,4.932882862,26.29600773,14.29725598,0,7
7/1/2024,11,8.483564673,7500,28.3564673,14.77705819,7.084457377,15,8,9500,29.39338431,6.392934665,19,9.997482159,7.8,5000,29.43666647,7.66527495,10,36.7212487,8,9000,28.50725965,6.585303394,18,32.16929233,8,0.2,7333.333333,2254.624876,29.06217269,0.611541829,7.189338,0.694072387,14.66666667,4.509249753,20.47359635,14.26614573,0,7
7/1/2024,14,7.892078219,8000,29.20782194,26.69261021,5.174958236,16,8.2,7500,28.3564673,7.509804387,15,14.70205819,8,9500,29.39338431,6.392934665,19,9.997482159,7.8,5000,29.43666647,7.66527495,10,36.7212487,7.933333333,0.305505046,8333.333333,1040.833,28.98589119,0.552936855,6.505271539,0.953341354,16.66666667,2.081665999,17.10405019,8.564040764,0,7
7/2/2024,22,7.276797439,10500,27.67974389,24.92139795,5.741007572,21,7.6,8000,29.20782194,5.613075565,16,26.61261021,8.2,7500,28.3564673,7.509804387,15,14.70205819,8,9500,29.39338431,6.392934665,19,9.997482159,7.6,0.6,8666.666667,1607.275127,28.41467771,0.765700315,6.426361227,0.976797759,17.33333333,3.214550254,22.04368878,6.421156397,1,7
7/2/2024,21,7.31616056,10000,31.616056,20.12216745,5.002537482,20,7,10500,27.67974389,6.156203731,21,24.81639795,7.6,8000,29.20782194,5.613075565,16,26.61261021,8.2,7500,28.3564673,7.509804387,15,14.70205819,7.2,0.346410162,9500,1322.875656,29.50120728,1.984488465,5.748685872,0.359440313,19,2.645751311,23.81705854,3.406977164,1,7
7/2/2024,19,7.711532627,10500,31.15326274,46.8797277,6.147050533,21,7,10000,31.616056,5.476778322,20,20.02216745,7,10500,27.67974389,6.156203731,21,24.81639795,7.6,8000,29.20782194,5.613075565,16,26.61261021,7.133333333,0.230940108,10333.33333,288.6751346,30.14968754,2.151513569,6.082443842,0.572361269,20.66666667,0.577350269,30.53776437,14.2644802,1,7
7/2/2024,18,8.088797616,11500,28.87976159,28.23295072,5.429562436,23,7.4,10500,31.15326274,6.614349474,21,46.7747277,7,10000,31.616056,5.476778322,20,20.02216745,7,10500,27.67974389,6.156203731,21,24.81639795,7.4,0.4,10666.66667,763.7626158,30.54969345,1.464598474,5.984628885,0.578494822,21.33333333,1.527525232,31.63828196,13.71930826,1,7
7/2/2024,17,7.596518631,10000,29.65186313,8.041586269,6.987605099,20,7.8,11500,28.87976159,5.86275886,23,28.11795072,7.4,10500,31.15326274,6.614349474,21,46.7747277,7,10000,31.616056,5.476778322,20,20.02216745,7.5,0.264575131,10666.66667,763.7626158,29.89496249,1.156081677,6.636497127,0.785046438,21.33333333,1.527525232,27.61142156,19.42152536,1,7
7/2/2024,16,7.284538064,12500,28.45380642,19.84956423,6.598325069,25,7.3,10000,29.65186313,7.432383046,20,7.941586269,7.8,11500,28.87976159,5.86275886,23,28.11795072,7.4,10500,31.15326274,6.614349474,21,46.7747277,7.366666667,0.404145188,11333.33333,1258.305739,28.99514371,0.607305316,6.77342469,0.814522873,22.66666667,2.516611478,18.59470041,10.13552489,1,7
7/2/2024,0,8.285141761,5000,28.51417608,27.84504262,5.081252091,10,7,12500,28.45380642,7.025132165,25,19.72456423,7.3,10000,29.65186313,7.432383046,20,7.941586269,7.8,11500,28.87976159,5.86275886,23,28.11795072,7.433333333,0.513160144,9166.666667,3818.813079,28.87328187,0.674946444,6.655493314,1.013587274,18.33333333,7.637626158,18.48706437,9.984412184,1,7
7/2/2024,20,7.795166639,11500,29.51666392,44.99964361,5.578592628,23,8,5000,28.51417608,5.508964732,10,27.79504262,7,12500,28.45380642,7.025132165,25,19.72456423,7.3,10000,29.65186313,7.432383046,20,7.941586269,7.5,0.5,9666.666667,4072.263908,28.82821547,0.59697745,6.185146494,0.771242317,19.33333333,8.144527815,30.80141682,12.8466382,1,7
7/2/2024,16,7.672250703,10500,27.22507027,32.0884504,6.303360453,21,7.5,11500,29.51666392,6.021342587,23,44.88464361,8,5000,28.51417608,5.508964732,10,27.79504262,7,12500,28.45380642,7.025132165,25,19.72456423,7.633333333,0.321455025,9000,3500,28.41863676,1.148780302,6.080681275,0.603577498,18,7,34.88771221,8.907281743,1,7
7/2/2024,0,8.088510239,9500,28.85102387,41.46054154,7.07092654,19,7.4,10500,27.22507027,6.711736508,21,31.9834504,7.5,11500,29.51666392,6.021342587,23,44.88464361,8,5000,28.51417608,5.508964732,10,27.79504262,7.566666667,0.2081666,10500,1000,28.53091935,1.178855604,6.745590331,0.741754293,21,2,39.41121185,6.668939196,1,7
7/2/2024,3,7.78870942,12000,28.87094201,12.45832953,6.982075115,24,7.8,9500,28.85102387,7.503691898,19,41.36554154,7.4,10500,27.22507027,6.711736508,21,31.9834504,7.5,11500,29.51666392,6.021342587,23,44.88464361,7.566666667,0.2081666,10666.66667,1258.305739,28.31567872,0.944547123,7.210189217,0.433937462,21.33333333,2.516611478,28.56244049,14.81290791,1,7
7/2/2024,16,8.319074609,3500,31.90746095,24.59095463,4.66905509,7,7.5,12000,28.87094201,7.415139246,24,12.33832953,7.8,9500,28.85102387,7.503691898,19,41.36554154,7.4,10500,27.22507027,6.711736508,21,31.9834504,7.766666667,0.251661148,8333.333333,4368.447474,29.87647561,1.758913091,6.688832716,1.335422857,16.66666667,8.736894948,26.08660857,14.57401576,1,7
7/2/2024,3,8.280425409,5500,28.04254092,47.02710702,5.266042509,11,8,3500,31.90746095,5.147667004,7,24.55595463,7.5,12000,28.87094201,7.415139246,24,12.33832953,7.8,9500,28.85102387,7.503691898,19,41.36554154,7.833333333,0.288675135,7000,4444.097209,29.60698129,2.034875197,6.083162291,1.184591016,14,8.888194417,27.95546373,17.56536741,1,7
7/2/2024,2,7.991490886,5000,29.14908856,7.702097258,6.926421997,10,8,5500,28.04254092,5.686680623,11,46.97210702,8,3500,31.90746095,5.147667004,7,24.55595463,7.5,12000,28.87094201,7.415139246,24,12.33832953,7.9,0.173205081,4666.666667,1040.833,29.69969681,1.99042176,6.066001984,1.155667731,9.333333333,2.081665999,26.3933863,19.72429741,1,7
7/2/2024,23,8.499749732,6000,29.97497317,36.71759935,5.117153352,12,7.7,5000,29.14908856,7.363658326,10,7.652097258,8,5500,28.04254092,5.686680623,11,46.97210702,8,3500,31.90746095,5.147667004,7,24.55595463,7.966666667,0.251661148,5500,500,29.05553422,0.969607089,6.205705633,1.004606885,11,1,30.42726787,20.38697046,1,7
7/2/2024,23,7.811298813,10500,31.12988131,29.78156584,5.74362472,21,8.2,6000,29.97497317,5.566777949,12,36.65759935,7.7,5000,29.14908856,7.363658326,10,7.652097258,8,5500,28.04254092,5.686680623,11,46.97210702,7.8,0.360555128,7166.666667,2929.732639,30.08464768,0.994940376,6.380336405,0.91038975,14.33333333,5.859465277,24.66208748,15.13897397,1,7
7/2/2024,3,7.911722882,10000,31.17228821,31.15594279,6.873959225,20,7.5,10500,31.12988131,6.21057294,21,29.67656584,8.2,6000,29.97497317,5.566777949,12,36.65759935,7.7,5000,29.14908856,7.363658326,10,7.652097258,7.766666667,0.37859389,8833.333333,2466.441431,30.75904756,0.679359316,6.372964812,0.898457886,17.66666667,4.932882862,32.46336933,3.697207636,1,7
7/2/2024,2,7.882230757,10000,28.22307569,36.40009713,6.49465757,20,7.6,10000,31.17228821,7.341543549,20,31.05594279,7.5,10500,31.12988131,6.21057294,21,29.67656584,8.2,6000,29.97497317,5.566777949,12,36.65759935,7.566666667,0.057735027,10166.66667,288.6751346,30.17508174,1.690619792,6.823373398,0.57139286,20.33333333,0.577350269,32.34420192,3.494638805,1,7
7/2/2024,1,8.495957571,9500,29.59575714,43.30263693,7.471881496,19,7.6,10000,28.22307569,6.918003706,20,36.30009713,7.6,10000,31.17228821,7.341543549,20,31.05594279,7.5,10500,31.12988131,6.21057294,21,29.67656584,7.8,0.346410162,9833.333333,288.6751346,29.66370702,1.475779965,7.391788369,0.500801033,19.66666667,0.577350269,36.85455895,6.09479192,1,7
7/2/2024,1,8.090905831,5000,29.09058311,36.25143694,7.556548915,10,8.2,9500,29.59575714,7.915817853,19,43.20763693,7.6,10000,28.22307569,6.918003706,20,36.30009713,7.6,10000,31.17228821,7.341543549,20,31.05594279,7.866666667,0.305505046,8166.666667,2753.785274,28.96980532,0.694265113,7.60890974,0.599582414,16.33333333,5.507570547,38.56972366,4.016853625,1,7
7/3/2024,15,8.31444567,9000,31.44456705,16.7356497,4.850001716,18,7.8,5000,29.09058311,7.992907661,10,36.20143694,8.2,9500,29.59575714,7.915817853,19,43.20763693,7.6,10000,28.22307569,6.918003706,20,36.30009713,8,0.2,7833.333333,2466.441431,30.04363577,1.239256448,7.076798579,1.520474391,15.66666667,4.932882862,32.01824119,13.76623174,2,7
7/3/2024,11,8.479984416,7000,27.99844163,7.244145131,6.720873,14,8,9000,31.44456705,5.321670221,18,16.6456497,7.8,5000,29.09058311,7.992907661,10,36.20143694,8.2,9500,29.59575714,7.915817853,19,43.20763693,8,0.2,7000,2000,29.51119726,1.761145166,6.818475836,1.364485621,14,4,20.00707726,14.80271305,2,7
7/3/2024,12,8.516716583,8500,31.67165825,37.65677683,5.229815602,17,8.2,7000,27.99844163,7.140849625,14,7.174145131,8,9000,31.44456705,5.321670221,18,16.6456497,7.8,5000,29.09058311,7.992907661,10,36.20143694,8.133333333,0.115470054,8166.666667,1040.833,30.37155564,2.058311247,6.055803441,0.959014263,16.33333333,2.081665999,20.46385722,15.55435742,2,7
7/3/2024,13,8.302164603,5000,30.21646025,19.1383876,5.141337789,10,8.2,8500,31.67165825,5.704890476,17,37.57177683,8.2,7000,27.99844163,7.140849625,14,7.174145131,8,9000,31.44456705,5.321670221,18,16.6456497,8.133333333,0.115470054,6833.333333,1755.942292,29.96218671,1.849762514,6.146774931,0.862658805,13.66666667,3.511884584,21.27810318,15.3166623,2,7
7/3/2024,14,8.299251279,7500,29.92512794,7.478389451,6.568595837,15,8,5000,30.21646025,5.594584692,10,19.0883876,8.2,8500,31.67165825,5.704890476,17,37.57177683,8.2,7000,27.99844163,7.140849625,14,7.174145131,8.066666667,0.115470054,7000,1802.775638,30.60441548,0.935667663,6.105649308,0.791585966,14,3.605551275,21.35451796,15.21132504,2,7
7/3/2024,1,8.290005315,16000,29.00053147,16.86861689,4.75144902,32,8,7500,29.92512794,7.017472756,15,7.403389451,8,5000,30.21646025,5.594584692,10,19.0883876,8.2,8500,31.67165825,5.704890476,17,37.57177683,8,0,9500,5766.281297,29.71403989,0.634853785,5.932838147,0.961231622,19,11.53256259,14.40013131,6.175080943,2,7
7/3/2024,0,8.274409823,16000,27.44098234,13.58797006,5.656278087,32,8,16000,29.00053147,5.186456993,32,16.70861689,8,7500,29.92512794,7.017472756,15,7.403389451,8,5000,30.21646025,5.594584692,10,19.0883876,8,0,13166.66667,4907.477288,28.78888058,1.255524559,6.090607524,0.915719198,26.33333333,9.814954576,12.51332547,4.71955988,2,7
7/3/2024,2,8.483156032,15500,28.3156032,20.73613638,6.196820625,31,8,16000,27.44098234,6.067892822,32,13.42797006,8,16000,29.00053147,5.186456993,32,16.70861689,8,7500,29.92512794,7.017472756,15,7.403389451,8.066666667,0.115470054,15833.33333,288.6751346,28.25237234,0.78169494,5.958634829,0.72376054,31.66666667,0.577350269,16.90590778,3.580661933,2,7
7/3/2024,3,8.107255348,17500,30.7255348,31.3273835,5.103230303,35,8.2,15500,28.3156032,6.621554673,31,20.58113638,8,16000,27.44098234,6.067892822,32,13.42797006,8,16000,29.00053147,5.186456993,32,16.70861689,8,0.2,16333.33333,1040.833,28.82737345,1.701029924,6.084520273,0.528916728,32.66666667,2.081665999,21.72049665,8.916967774,2,7
7/3/2024,23,7.703036804,0,30.30368035,9.5082108,5.006224671,0,7.8,17500,30.7255348,5.564113325,35,31.1523835,8.2,15500,28.3156032,6.621554673,31,20.58113638,8,16000,27.44098234,6.067892822,32,13.42797006,7.8,0.4,11000,9578.62203,29.78160612,1.286997943,5.882149291,0.642424851,22,19.15724406,20.41391023,10.82305532,2,7
7/4/2024,1,8.104327009,5000,30.43270092,18.29969633,6.310634839,10,7.4,0,30.30368035,5.460779876,0,9.5082108,7.8,17500,30.7255348,5.564113325,35,31.1523835,8.2,15500,28.3156032,6.621554673,31,20.58113638,7.666666667,0.230940108,7500,9013.878189,30.48730536,0.216163193,5.930672851,0.726229331,15,18.02775638,19.63676354,10.88854993,3,7
7/4/2024,0,8.695456926,1000,29.54569262,26.7427636,6.051857685,2,7.8,5000,30.43270092,6.767125353,10,18.24969633,7.4,0,30.30368035,5.460779876,0,9.5082108,7.8,17500,30.7255348,5.564113325,35,31.1523835,7.866666667,0.503322296,2000,2645.751311,30.09402463,0.479231233,6.240982768,0.689234797,4,5.291502622,18.16355691,8.612599478,3,7
7/4/2024,1,8.89990508,8500,29.99050799,7.916196361,7.192194989,17,8.4,1000,29.54569262,6.495043074,2,26.7327636,7.8,5000,30.43270092,6.767125353,10,18.24969633,7.4,0,30.30368035,5.460779876,0,9.5082108,8.266666667,0.4163332,4833.333333,3752.77675,29.98963384,0.443504799,6.968073679,0.599327031,9.666666667,7.505553499,17.6045521,9.467284157,3,7
7/4/2024,2,8.470192983,7500,27.01929828,41.23137746,7.349480189,15,8.6,8500,29.99050799,7.642052609,17,7.831196361,8.4,1000,29.54569262,6.495043074,2,26.7327636,7.8,5000,30.43270092,6.767125353,10,18.24969633,8.4,0.2,5666.666667,4072.263908,28.85183296,1.602530091,7.297288449,0.697046996,11.33333333,8.144527815,25.24011247,16.71265776,3,7
7/4/2024,16,8.104542859,10000,30.45428591,29.93812892,7.222899575,20,8.2,7500,27.01929828,7.754769663,15,41.15637746,8.6,8500,29.99050799,7.642052609,17,7.831196361,8.4,1000,29.54569262,6.495043074,2,26.7327636,8.2,0.4,8666.666667,1258.305739,29.1546974,1.863791704,7.692178712,0.057383037,17.33333333,2.516611478,26.27523425,16.94587229,3,7
7/4/2024,23,8.801435712,11500,30.14357118,46.57979293,5.507626679,23,7.8,10000,30.45428591,7.679713864,20,29.83812892,8.2,7500,27.01929828,7.754769663,15,41.15637746,8.6,8500,29.99050799,7.642052609,17,7.831196361,8.166666667,0.351188458,9666.666667,2020.725942,29.20571846,1.899858099,7.131421258,1.015364633,19.33333333,4.041451884,39.15309977,8.492427818,3,7
7/4/2024,3,8.793458409,10500,29.34584091,34.62642413,4.72939407,21,8.5,11500,30.14357118,5.959780247,23,46.46479293,7.8,10000,30.45428591,7.679713864,20,29.83812892,8.2,7500,27.01929828,7.754769663,15,41.15637746,8.266666667,0.404145188,10666.66667,763.7626158,29.98123267,0.571776116,6.269691931,1.28344257,21.33333333,1.527525232,36.94144866,8.573440275,3,7
7/4/2024,2,8.311942875,10000,31.19428747,28.7335224,4.947133988,20,8.5,10500,29.34584091,5.169581683,21,34.52142413,8.5,11500,30.14357118,5.959780247,23,46.46479293,7.8,10000,30.45428591,7.679713864,20,29.83812892,8.333333333,0.288675135,10666.66667,763.7626158,30.22789985,0.927104184,5.51480341,0.404433868,21.33333333,1.527525232,36.53991316,9.08538803,3,7
7/4/2024,3,7.707522021,15500,30.75220213,5.367268189,5.979606419,31,8.4,3000,27.99568668,7.257082496,6,32.36550971,8.7,4000,31.12170635,7.044096358,8,46.91269855,8,10000,31.19428747,5.415048301,20,28.6335224,8.166666667,0.680685929,7500,6946.221995,29.95653172,1.708162255,6.914022768,0.423358153,15,13.89244399,28.16349215,21.1654007,3,7
7/4/2024,2,8.3088957,7000,30.88957,49.64899819,6.724273856,14,7.4,15500,30.75220213,6.440889451,31,5.212268189,8.4,3000,27.99568668,7.257082496,6,32.36550971,8.7,4000,31.12170635,7.044096358,8,46.91269855,7.933333333,0.503322296,8500,6383.572667,29.87915294,1.632575063,6.961863118,0.452511349,17,12.76714533,29.0522587,22.36816727,3,7
7/4/2024,3,8.490068674,6500,29.00686742,29.95890234,5.142174971,13,8,7000,30.88957,7.187617406,14,49.57899819,7.4,15500,30.75220213,6.440889451,31,5.212268189,8.4,3000,27.99568668,7.257082496,6,32.36550971,7.866666667,0.4163332,9666.666667,5057.996968,30.21621318,1.049573899,6.40192828,0.805876383,19.33333333,10.11599394,28.22838957,22.23020766,3,7
7/4/2024,0,8.319322774,6000,31.93227739,25.41553403,6.296997106,12,8.2,6500,29.00686742,5.577277982,13,29.89390234,8,7000,30.88957,7.187617406,14,49.57899819,7.4,15500,30.75220213,6.440889451,31,5.212268189,8.066666667,0.115470054,6500,500,30.6095716,1.482668271,6.513625552,0.836612907,13,1,34.94281152,12.87682674,3,7
7/4/2024,0,8.312942298,10000,31.29422985,41.99032004,5.762781567,20,8,6000,31.93227739,6.775981266,12,25.35553403,8.2,6500,29.00686742,5.577277982,13,29.89390234,8,7000,30.88957,7.187617406,14,49.57899819,8.066666667,0.115470054,7500,2179.449472,30.74445822,1.538243319,6.195151421,0.600209598,15,4.358898944,32.37991881,8.543125626,3,7
7/4/2024,1,9,10500,30.57817085,12.79663705,5.934705374,21,8,10000,31.29422985,6.232195015,20,41.89032004,8,6000,31.93227739,6.775981266,12,25.35553403,8.2,6500,29.00686742,5.577277982,13,29.89390234,8.4,0.692820323,8833.333333,2466.441431,31.26822603,0.67742769,6.467184739,0.279305308,17.66666667,4.932882862,26.64583037,14.64204291,3,7
7/4/2024,2,8.701161222,6500,30.1161222,46.20343349,6.734436214,13,9.2,10500,30.57817085,6.393377936,21,12.69163705,8,10000,31.29422985,6.232195015,20,41.89032004,8,6000,31.93227739,6.775981266,12,25.35553403,8.533333333,0.611010093,9000,2179.449472,30.66284097,0.593600184,6.603917,0.510652455,18,4.358898944,33.57346352,18.20850419,3,7
7/4/2024,3,8.305873359,7500,30.58733589,31.77976006,5.112490497,15,8.4,6500,30.1161222,7.186178047,13,46.13843349,9.2,10500,30.57817085,6.393377936,21,12.69163705,8,10000,31.29422985,6.232195015,20,41.89032004,8.533333333,0.611010093,8166.666667,2081.665999,30.42720965,0.269448603,6.38361884,0.807482987,16.33333333,4.163331999,30.17827687,16.77556739,3,7
7/5/2024,3,8.298685781,5000,29.86857808,13.89242746,6.102926178,10,8,7500,30.58733589,5.571300535,15,31.70476006,8.4,6500,30.1161222,7.186178047,13,46.13843349,9.2,10500,30.57817085,6.393377936,21,12.69163705,8.133333333,0.230940108,6333.333333,1258.305739,30.19067873,0.365133132,6.436144477,0.81353759,12.66666667,2.516611478,30.56187367,16.1783078,4,7
7/5/2024,0,8.497026424,6500,29.70264242,35.90855808,6.488818173,13,8,5000,29.86857808,6.550954849,10,13.84242746,8,7500,30.58733589,5.571300535,15,31.70476006,8.4,6500,30.1161222,7.186178047,13,46.13843349,8.066666667,0.115470054,6333.333333,1258.305739,30.05285213,0.470253476,6.352204398,0.70292787,12.66666667,2.516611478,27.13024854,11.69217918,4,7
7/5/2024,1,8.290946332,6000,29.09463318,28.42860005,6.726695822,12,8.2,6500,29.70264242,6.93435781,13,35.84355808,8,5000,29.86857808,6.550954849,10,13.84242746,8,7500,30.58733589,5.571300535,15,31.70476006,8.066666667,0.115470054,5833.333333,763.7626158,29.55528456,0.407472001,6.882809326,0.309318679,11.66666667,1.527525232,26.0181952,11.1873026,4,7
7/5/2024,2,8.485735964,5000,28.57359636,49.20176441,4.977915449,10,8,6000,29.09463318,7.16311532,12,28.36860005,8.2,6500,29.70264242,6.93435781,13,35.84355808,8,5000,29.86857808,6.550954849,10,13.84242746,8.133333333,0.115470054,5833.333333,763.7626158,29.12362399,0.565081054,6.501330841,0.95500868,11.66666667,1.527525232,37.78797418,10.52713378,4,7
7/5/2024,3,8.471658176,10000,27.16581759,20.60640575,6.01755425,20,8.2,5000,27.81867803,7.643287057,10,13.32099557,8.2,5000,28.57359636,5.406519394,10,49.15176441,8,6000,29.09463318,7.16311532,12,28.36860005,8.2,0,6666.666667,2886.751346,27.85269732,0.704505682,6.491615988,1.119868972,13.33333333,5.773502692,27.65972191,18.95622452,4,7
7/5/2024,2,8.286522769,7500,28.65227694,21.99335882,5.393752503,15,8.2,10000,27.16581759,6.425041514,20,20.50640575,8.2,5000,27.81867803,7.643287057,10,13.32099557,8.2,5000,28.57359636,5.406519394,10,49.15176441,8.133333333,0.115470054,7500,2500,27.87892418,0.745058759,6.630621743,0.927130143,15,5,18.58192005,4.610466093,4,7
7/5/2024,1,8.886530958,5000,28.65309583,30.64566498,6.131956989,10,8,7500,28.65227694,5.823536657,15,21.91835882,8.2,10000,27.16581759,6.425041514,20,20.50640575,8.2,5000,27.81867803,7.643287057,10,13.32099557,8.266666667,0.305505046,7500,2500,28.15706345,0.858444201,6.270110533,0.392738725,15,5,24.34014318,5.463246985,4,7
7/5/2024,0,8.9890035,7500,28.90034999,28.99642697,6.667369525,15,8.6,5000,28.65309583,6.561753427,10,30.59566498,8,7500,28.65227694,5.823536657,15,21.91835882,8.2,10000,27.16581759,6.425041514,20,20.50640575,8.433333333,0.37859389,6666.666667,1443.375673,28.73524092,0.142989236,6.495388286,0.641249885,13.33333333,2.886751346,27.14515026,4.603290107,4,7
7/8/2024,0,8.904533526,21500,30.45335258,33.61973285,5.089364509,43,8.7,7500,28.90034999,7.100874775,15,28.92142697,8.6,5000,28.65309583,6.561753427,10,30.59566498,8,7500,28.65227694,5.823536657,15,21.91835882,8.633333333,0.057735027,11333.33333,8892.881048,29.33559947,0.975865087,6.402931,0.789429668,22.66666667,17.7857621,30.9739416,2.265464144,0,7
7/8/2024,1,8.990966903,20500,29.09669032,10.06193423,6.295822393,41,8.6,21500,30.45335258,5.546164798,43,33.40473285,8.7,7500,28.90034999,7.100874775,15,28.92142697,8.6,5000,28.65309583,6.561753427,10,30.59566498,8.666666667,0.057735027,16500,7810.249676,29.4834643,0.845665324,6.459770774,0.812387698,33,15.62049935,24.06103135,12.50369102,0,7
7/8/2024,3,8.904181838,20500,30.41818382,39.02877198,6.77566525,41,8.7,20500,29.09669032,6.732272748,41,9.856934228,8.6,21500,30.45335258,5.546164798,43,33.40473285,8.7,7500,28.90034999,7.100874775,15,28.92142697,8.633333333,0.057735027,20833.33333,577.3502692,29.98940891,0.773316924,6.503458518,0.865866498,41.66666667,1.154700538,27.36181302,15.39990527,0,7
7/8/2024,2,8.606189347,21000,30.61893474,41.13072157,7.494154132,42,8.6,20500,30.41818382,7.231938007,41,38.82377198,8.7,20500,29.09669032,6.732272748,41,9.856934228,8.6,21500,30.45335258,5.546164798,43,33.40473285,8.533333333,0.2081666,20666.66667,288.6751346,30.04460296,0.827030235,7.305882969,0.613931698,41.33333333,0.577350269,29.86714259,17.36103766,0,7
7/9/2024,23,8.07234238,10500,27.23423798,11.87463236,6.341859366,21,8.3,21000,30.61893474,7.953438153,42,40.92072157,8.6,20500,30.41818382,7.231938007,41,38.82377198,8.7,20500,29.09669032,6.732272748,41,9.856934228,8.233333333,0.404145188,17333.33333,5923.118548,29.42378551,1.898858611,7.311916365,0.605507128,34.66666667,11.8462371,30.50470863,16.25889331,1,7
7/9/2024,0,7.908097248,9000,30.80972475,8.867478871,7.088695882,18,7.8,10500,27.23423798,6.750372936,21,11.76963236,8.3,21000,30.61893474,7.953438153,42,40.92072157,8.6,20500,30.41818382,7.231938007,41,38.82377198,7.9,0.360555128,13500,6538.348415,29.55429916,2.011495241,7.418217614,0.612399666,27,13.07669683,20.4892776,17.75728506,1,7
7/9/2024,1,8.674072696,8500,27.40726965,34.84451539,4.960241841,17,7.6,9000,30.80972475,7.550841753,18,8.777478871,7.8,10500,27.23423798,6.750372936,21,11.76963236,8.3,21000,30.61893474,7.953438153,42,40.92072157,7.933333333,0.4163332,9333.333333,1040.833,28.48374413,2.016215364,6.557521858,1.102469394,18.66666667,2.081665999,18.43554221,14.21591787,1,7
7/9/2024,2,7.9100918,9500,31.00918003,38.62010525,7.337445799,19,8.4,8500,27.40726965,5.371350885,17,34.75951539,7.6,9000,30.80972475,7.550841753,18,8.777478871,7.8,10500,27.23423798,6.750372936,21,11.76963236,7.866666667,0.461880215,9000,500,29.74205814,2.02444402,6.908258712,1.336939688,18,1,27.35403317,16.19756753,1,7
7/9/2024,3,7.881349407,10000,28.13494074,12.30229772,5.798796325,20,7.6,9500,31.00918003,7.802583499,19,38.52510525,8.4,8500,27.40726965,5.371350885,17,34.75951539,7.6,9000,30.80972475,7.550841753,18,8.777478871,7.866666667,0.461880215,9333.333333,763.7626158,28.85046347,1.904578477,6.464918274,1.23386013,18.66666667,1.527525232,28.49563945,14.23550685,1,7
7/9/2024,16,7.69338809,10000,29.33880903,29.54175019,5.269102213,20,7.6,10000,28.13494074,6.220820436,20,12.20229772,7.6,9500,31.00918003,7.802583499,19,38.52510525,8.4,8500,27.40726965,5.371350885,17,34.75951539,7.533333333,0.115470054,9833.333333,288.6751346,29.49430993,1.443415484,6.577529428,1.091334495,19.66666667,0.577350269,26.72305106,13.37034191,1,7
7/10/2024,2,8.091006649,7500,29.10066487,13.55369773,7.515047676,15,7.4,10000,29.33880903,5.709184348,20,29.44175019,7.6,10000,28.13494074,6.220820436,20,12.20229772,7.6,9500,31.00918003,7.802583499,19,38.52510525,7.6,0.2,9166.666667,1443.375673,28.85813821,0.63752576,6.627187478,1.175121328,18.33333333,2.886751346,18.37424855,9.605961363,2,7
7/10/2024,16,8.113764795,6000,31.37647951,6.98933406,6.805380688,12,7.8,7500,29.10066487,7.951557649,15,13.47869773,7.4,10000,29.33880903,5.709184348,20,29.44175019,7.6,10000,28.13494074,6.220820436,20,12.20229772,7.666666667,0.230940108,7833.333333,2020.725942,29.93865114,1.250876088,6.978923293,1.150331629,15.66666667,4.041451884,16.61659399,11.57959476,2,7
7/10/2024,0,8.094709841,6500,29.47098408,13.45960104,5.834740713,13,7.8,6000,31.37647951,7.27602788,12,6.92933406,7.8,7500,29.10066487,7.951557649,15,13.47869773,7.4,10000,29.33880903,5.709184348,20,29.44175019,7.8,0,6666.666667,763.7626158,29.98270949,1.221159382,7.168130335,0.842573512,13.33333333,1.527525232,11.26754428,3.757235551,2,7
7/10/2024,1,8.271076868,7000,27.10768676,48.03400839,5.599274223,14,7.8,6500,29.47098408,6.276805474,13,13.39460104,7.8,6000,31.37647951,7.27602788,12,6.92933406,7.8,7500,29.10066487,7.951557649,15,13.47869773,7.866666667,0.115470054,6500,500,29.31838345,2.138483834,6.519574293,0.668965907,13,1,22.76264783,22.06312194,2,7
7/10/2024,23,8.071650359,7000,27.16503593,32.80516391,5.931794277,14,8,7000,27.10768676,6.005889525,14,47.96400839,7.8,6500,29.47098408,6.276805474,13,13.39460104,7.8,6000,31.37647951,7.27602788,12,6.92933406,7.866666667,0.115470054,6833.333333,288.6751346,27.91456893,1.348200039,6.207321605,0.177219104,13.66666667,0.577350269,31.36459111,17.32541005,2,7
7/10/2024,3,8.490003313,6500,29.00033134,42.30097749,7.236745273,13,7.8,7000,27.16503593,6.339269816,14,32.73516391,8,7000,27.10768676,6.005889525,14,47.96400839,7.8,6500,29.47098408,6.276805474,13,13.39460104,8,0.2,6833.333333,288.6751346,27.75768468,1.076545532,6.672303195,0.881451307,13.66666667,0.577350269,40.97838326,7.691916758,2,7
7/11/2024,2,9,4500,30.68971956,45.5943316,6.158261009,9,8.2,6500,29.00033134,7.671750243,13,42.23597749,7.8,7000,27.16503593,6.339269816,14,32.73516391,8,7000,27.10768676,6.005889525,14,47.96400839,8.5,0.888819442,6000,1322.875656,28.95169561,1.762845072,6.876542287,0.702690585,12,2.645751311,40.173491,6.651399194,3,7
7/11/2024,3,9,4500,31.69994012,31.656756,4.860060301,9,9.5,4500,30.68971956,6.618606802,9,45.5493316,8.2,6500,29.00033134,7.671750243,13,42.23597749,7.8,7000,27.16503593,6.339269816,14,32.73516391,8.966666667,0.680685929,5166.666667,1154.700538,30.46333034,1.363968823,6.54197215,1.1699793,10.33333333,2.309401077,39.7990217,7.281350733,3,7
7/11/2024,0,9,7000,28.39153249,33.86838902,6.172677874,14,9.2,4500,31.69994012,5.335559403,9,31.611756,9.5,4500,30.68971956,6.618606802,9,45.5493316,8.2,6500,29.00033134,7.671750243,13,42.23597749,9.4,0.173205081,5333.333333,1443.375673,30.26039739,1.695472918,6.184239022,0.735046517,10.66666667,2.886751346,36.98649221,7.495799144,3,7
7/11/2024,23,8.798684634,6000,29.86846345,49.37293564,5.586487217,12,9.5,7000,28.39153249,6.598550861,14,33.79838902,9.2,4500,31.69994012,5.335559403,9,31.611756,9.5,4500,30.68971956,6.618606802,9,45.5493316,9.066666667,0.513160144,5833.333333,1258.305739,29.98664535,1.657367036,5.989541478,0.632695632,11.66666667,2.516611478,38.24102689,9.650684618,3,7
7/11/2024,16,8.298131283,6500,29.81312826,48.6268524,7.257793839,13,8.5,6000,29.86846345,6.034514169,12,49.31293564,9.5,7000,28.39153249,6.598550861,14,33.79838902,9.2,4500,31.69994012,5.335559403,9,31.611756,8.666666667,0.763762616,6500,500,29.35770806,0.837189901,6.779351931,0.849788081,13,1,43.89105902,8.748572587,3,7
7/11/2024,17,8.611894495,6500,31.18944951,44.55010915,6.428531546,13,8,6500,29.81312826,7.704990763,13,48.5618524,8.5,6000,29.86846345,6.034514169,12,49.31293564,9.5,7000,28.39153249,6.598550861,14,33.79838902,8.266666667,0.251661148,6333.333333,288.6751346,30.29034707,0.779136953,6.878626074,0.835379695,12.66666667,0.577350269,47.45329906,2.597815436,3,7
7/11/2024,1,9,7000,30.11939105,35.13447561,7.031087405,14,8.3,6500,31.18944951,6.896373289,13,44.48510915,8,6500,29.81312826,7.704990763,13,48.5618524,8.5,6000,29.86846345,6.034514169,12,49.31293564,8.366666667,0.404145188,6666.666667,288.6751346,30.37398961,0.722620486,7.361414108,0.41776873,13.33333333,0.577350269,42.70381238,6.922756578,3,7
7/16/2024,0,8.296335254,8000,29.63352537,41.93029227,5.674246737,16,8.8,7000,30.11939105,7.482878271,14,35.06447561,8.3,6500,31.18944951,6.896373289,13,44.48510915,8,6500,29.81312826,7.704990763,13,48.5618524,8.366666667,0.404145188,7166.666667,763.7626158,30.31412198,0.796030832,6.832667059,0.684292049,14.33333333,1.527525232,40.46662568,4.860348135,1,7
7/16/2024,2,7.575516347,10000,27.5516347,39.13247857,6.915592708,20,8,8000,29.63352537,6.118749617,16,41.85029227,8.8,7000,30.11939105,7.482878271,14,35.06447561,8.3,6500,31.18944951,6.896373289,13,44.48510915,8.033333333,0.75055535,8333.333333,1527.525232,29.10151704,1.364044654,6.976831706,0.747100062,16.66666667,3.055050463,38.64908215,3.409115949,1,7
7/16/2024,3,7.709003842,10500,30.90038424,6.90558147,5.824656046,21,7.3,10000,27.5516347,7.328867228,20,39.03247857,8,8000,29.63352537,6.118749617,16,41.85029227,8.8,7000,30.11939105,7.482878271,14,35.06447561,7.566666667,0.37859389,9500,1322.875656,29.3618481,1.690824435,6.578592885,0.655254771,19,2.645751311,29.2277841,19.4735611,1,7
7/16/2024,23,7.515766635,10500,31.57666352,38.88189182,6.803922864,21,7.4,10500,30.90038424,6.28816181,21,6.80058147,7.3,10000,27.5516347,7.328867228,20,39.03247857,8,8000,29.63352537,6.118749617,16,41.85029227,7.3,0.1,10333.33333,288.6751346,30.00956082,2.155316458,6.964867285,0.586605067,20.66666667,0.577350269,28.20331728,18.53575346,1,7
7/16/2024,1,7.881448538,9000,28.14485383,19.44728161,4.804976629,18,7.2,10500,31.57666352,7.277572817,21,38.77689182,7.4,10500,30.90038424,6.28816181,21,6.80058147,7.3,10000,27.5516347,7.328867228,20,39.03247857,7.4,0.2,10000,866.0254038,30.20730053,1.817856764,6.264294688,1.025420031,20,1.732050808,21.6449183,16.11043348,1,7
7/19/2024,2,9,5000,29.30461439,16.69882988,6.537684096,10,7.6,9000,28.14485383,5.227149436,18,19.35728161,7.2,10500,31.57666352,7.277572817,21,38.77689182,7.4,10500,30.90038424,6.28816181,21,6.80058147,8.1,1.228820573,8166.666667,2843.120352,29.67537725,1.74568848,6.493991855,1.107346033,16.33333333,5.686240703,24.92766777,12.069991,4,7
7/19/2024,0,9,5500,30.58215077,29.3433337,6.686288677,11,9.5,5000,29.30461439,6.977253312,10,16.64882988,7.6,9000,28.14485383,5.227149436,18,19.35728161,7.2,10500,31.57666352,7.277572817,21,38.77689182,8.866666667,1.096965511,6500,2179.449472,29.343873,1.219122644,6.449807896,1.062170784,13,4.358898944,21.76481506,6.654804821,4,7
7/19/2024,16,8.485564097,4500,28.55640968,43.72919226,6.978856803,9,9.5,5500,30.58215077,7.145020938,11,29.2883337,9.5,5000,29.30461439,6.977253312,10,16.64882988,7.6,9000,28.14485383,5.227149436,18,19.35728161,9.066666667,0.75055535,5000,500,29.48105828,1.024332012,7.176492399,0.216695667,10,1,29.87378528,13.52718633,4,7
7/19/2024,23,8.116603716,4500,31.66037157,43.17660837,6.580330318,9,8.2,4500,28.55640968,7.407202948,9,43.68419226,9.5,5500,30.58215077,7.145020938,11,29.2883337,9.5,5000,29.30461439,6.977253312,10,16.64882988,8.5,0.888819442,4833.333333,577.3502692,30.26631067,1.575900084,7.202486593,0.182885014,9.666666667,1.154700538,38.70137811,8.156616398,4,7
7/19/2024,3,9,5000,30.74187388,29.45312581,6.602735452,10,7.8,4500,31.66037157,7.055235892,9,43.13160837,8.2,4500,28.55640968,7.407202948,9,43.68419226,9.5,5500,30.58215077,7.145020938,11,29.2883337,8.466666667,0.8326664,4666.666667,288.6751346,30.31955171,1.594494233,7.175434133,0.200764033,9.333333333,0.577350269,38.73964215,8.090379488,4,7
7/19/2024,1,8.505648717,7000,30.56487166,8.827079415,6.395857915,14,9.4,5000,30.74187388,7.06386356,10,29.40312581,7.8,4500,31.66037157,7.055235892,9,43.13160837,8.2,4500,28.55640968,7.407202948,9,43.68419226,8.466666667,0.8326664,5500,1322.875656,30.98903904,0.588088408,6.99114348,0.118561597,11,2.645751311,27.0972712,17.3028837,4,7
7/23/2024,2,7.619770148,9500,31.97701481,34.13675279,6.973098485,19,8.2,7000,30.56487166,6.85433099,14,8.757079415,9.4,5000,30.74187388,7.06386356,10,29.40312581,7.8,4500,31.66037157,7.055235892,9,43.13160837,8.3,1.053565375,7166.666667,2254.624876,31.09458678,0.769312591,7.123649419,0.303658029,14.33333333,4.509249753,24.06731934,13.46037889,1,7
7/23/2024,1,7.717368851,9000,31.73688513,35.98409884,7.308017866,18,7.3,9500,31.97701481,7.452753707,19,34.04175279,8.2,7000,30.56487166,6.85433099,14,8.757079415,9.4,5000,30.74187388,7.06386356,10,29.40312581,7.633333333,0.493288286,8500,1322.875656,31.4262572,0.755582127,7.363718613,0.471221417,17,2.645751311,26.23097701,15.16115495,1,7
7/23/2024,0,7.778433047,8500,27.84330471,32.59065716,4.794293875,17,7.4,9000,31.73688513,7.784071143,18,35.89409884,7.3,9500,31.97701481,7.452753707,19,34.04175279,8.2,7000,30.56487166,6.85433099,14,8.757079415,7.4,0.1,9000,500,30.51906822,2.320387538,6.816256098,1.399216612,18,1,34.1471696,1.696678751,1,7
7/23/2024,3,7.709956207,10000,30.99562069,10.48774177,5.506982498,20,7.5,8500,27.84330471,5.211943445,17,32.50565716,7.4,9000,31.73688513,7.784071143,18,35.89409884,7.3,9500,31.97701481,7.452753707,19,34.04175279,7.433333333,0.057735027,9166.666667,763.7626158,30.19193684,2.067467756,6.322643799,1.321445152,18.33333333,1.527525232,26.26249926,13.85194312,1,7
7/23/2024,23,7.482670011,9500,28.2670011,29.55756681,7.418086404,19,7.4,10000,30.99562069,5.971916808,20,10.38774177,7.5,8500,27.84330471,5.211943445,17,32.50565716,7.4,9000,31.73688513,7.784071143,18,35.89409884,7.366666667,0.152752523,9333.333333,763.7626158,29.03530883,1.710846746,6.341983891,1.353562643,18.66666667,1.527525232,24.11865525,11.98826879,1,7
7/26/2024,0,8.81024171,7500,31.02417096,8.314620311,4.963632662,15,7.2,9500,28.2670011,7.84209142,19,29.46256681,7.4,10000,30.99562069,5.971916808,20,10.38774177,7.5,8500,27.84330471,5.211943445,17,32.50565716,7.7,0.7,9000,1322.875656,30.09559759,1.583675347,6.414334485,1.265921941,18,2.645751311,16.0299763,11.68244291,4,7
7/26/2024,1,8.318324931,8000,31.83249307,11.69924016,7.277117114,16,8.5,7500,31.02417096,5.428995227,15,8.239620311,7.2,9500,28.2670011,7.84209142,19,29.46256681,7.4,10000,30.99562069,5.971916808,20,10.38774177,7.9,0.655743852,8333.333333,1040.833,30.37455505,1.86940736,7.008563719,1.368645665,16.66666667,2.081665999,16.44047576,11.40335911,4,7
7/26/2024,2,9,7500,29.45609102,37.08143773,7.284277115,15,8,8000,31.83249307,7.75460451,16,11.61924016,8.5,7500,31.02417096,5.428995227,15,8.239620311,7.2,9500,28.2670011,7.84209142,19,29.46256681,8.566666667,0.602771377,7666.666667,288.6751346,30.77091835,1.208273292,6.969906072,1.334543944,15.33333333,0.577350269,18.9550994,15.72398071,4,7
7/26/2024,3,9,7500,31.85843423,27.83105163,6.52657207,15,9.2,7500,29.45609102,7.726118481,15,37.00643773,8,8000,31.83249307,7.75460451,16,11.61924016,8.5,7500,31.02417096,5.428995227,15,8.239620311,8.833333333,0.723417814,7666.666667,288.6751346,31.0490061,1.379565908,7.495057191,0.425118182,15.33333333,0.577350269,25.46057651,12.84832108,4,7
7/26/2024,0,8.294512978,9500,29.45129775,19.01181505,6.07037021,19,9.3,7500,31.85843423,7.004448583,15,27.75605163,9.2,7500,29.45609102,7.726118481,15,37.00643773,8,8000,31.83249307,7.75460451,16,11.61924016,8.833333333,0.723417814,8166.666667,1154.700538,30.25527433,1.388379263,7.080902247,0.610589884,16.33333333,2.309401077,27.89310147,9.045590043,4,7
7/26/2024,1,8.100985123,10000,30.09851226,13.26888202,7.130906404,20,8,9500,29.45129775,6.512139676,19,18.91681505,9.3,7500,31.85843423,7.004448583,15,27.75605163,9.2,7500,29.45609102,7.726118481,15,37.00643773,8.366666667,0.814452782,9000,1322.875656,30.46941475,1.245693778,7.032990782,0.535692792,18,2.645751311,19.94724957,7.347974263,4,7
7/26/2024,2,8.271798651,9000,27.1798651,14.08823669,5.020377622,18,7.8,10000,30.09851226,7.582384088,20,13.16888202,8,9500,29.45129775,6.512139676,19,18.91681505,9.3,7500,31.85843423,7.004448583,15,27.75605163,7.933333333,0.115470054,9500,500,28.9098917,1.53279669,6.507533121,1.077161632,19,1,15.36131125,3.106953928,4,7
7/30/2024,1,7.677335407,9500,27.73354068,37.24209787,5.158743891,19,8,9000,27.1798651,5.428075598,18,13.99823669,7.8,10000,30.09851226,7.582384088,20,13.16888202,8,9500,29.45129775,6.512139676,19,18.91681505,7.733333333,0.305505046,9500,500,28.33730601,1.550169263,6.195068896,1.203686299,19,1,21.43807219,13.61073374,1,7
7/30/2024,0,8.089952351,8500,28.9952351,18.93913566,5.000817939,17,7.4,9500,27.73354068,5.574747001,19,37.14709787,8,9000,27.1798651,5.428075598,18,13.99823669,7.8,10000,30.09851226,7.582384088,20,13.16888202,7.733333333,0.305505046,9000,500,27.96954696,0.930411889,5.479523022,0.082555528,18,1,23.33315674,12.20711538,1,7
7/30/2024,2,7.788800738,10000,28.8800738,28.28098578,7.035058739,20,7.8,8500,28.9952351,5.435746465,17,18.85413566,7.4,9500,27.73354068,5.574747001,19,37.14709787,8,9000,27.1798651,5.428075598,18,13.99823669,7.566666667,0.2081666,9333.333333,763.7626158,28.53628319,0.697575937,6.159584437,1.135475134,18.66666667,1.527525232,28.06073977,9.147073897,1,7
7/30/2024,3,7.619983942,9000,31.99839424,36.84526146,7.301496743,18,7.5,10000,28.8800738,7.468259846,20,28.18098578,7.8,8500,28.9952351,5.435746465,17,18.85413566,7.4,9500,27.73354068,5.574747001,19,37.14709787,7.533333333,0.251661148,9166.666667,763.7626158,29.95790104,1.768056809,6.895159656,1.273554362,18.33333333,1.527525232,27.93012764,8.95319907,1,7
7/30/2024,23,8.277521403,9000,27.75214035,22.48884903,6.691630434,18,7.3,9000,31.99839424,7.781472657,18,36.75526146,7.5,10000,28.8800738,7.468259846,20,28.18098578,7.8,8500,28.9952351,5.435746465,17,18.85413566,7.6,0.360555128,9333.333333,577.3502692,29.54353613,2.199501017,7.452548347,0.337054812,18.66666667,1.154700538,29.11169876,7.223317414,1,7
8/5/2024,2,7.910717237,23500,30.07172371,23.90271558,6.408685355,47,8,9000,27.75214035,7.107912539,18,22.39884903,7.3,9000,31.99839424,7.781472657,18,36.75526146,7.5,10000,28.8800738,7.468259846,20,28.18098578,7.633333333,0.351188458,13833.33333,8371.578903,30.2740861,2.232674931,7.088048802,0.703566059,27.66666667,16.74315781,27.60727536,7.947750809,0,8
8/5/2024,1,8.313996488,20500,30.3996488,33.5929848,6.541164553,41,7.6,23500,31.07172371,6.374761211,47,23.66771558,8,9000,27.75214035,7.107912539,18,22.39884903,7.3,9000,31.99839424,7.781472657,18,36.75526146,7.866666667,0.230940108,17666.66667,7653.975002,30.07450428,2.017898514,6.664944345,0.389724484,35.33333333,15.30795,26.4848498,6.01185996,0,8
8/5/2024,0,8.098304347,20000,28.83043473,9.198818291,6.483718736,40,8,20500,31.3996488,6.512159285,41,33.3879848,7.6,23500,31.07172371,6.374761211,47,23.66771558,8,9000,27.75214035,7.107912539,18,22.39884903,7.8,0.2,21333.33333,1892.969449,30.76726908,0.827724387,6.439365251,0.069064207,42.66666667,3.785938897,22.01817289,12.27797231,0,8
8/5/2024,17,7.905291622,20000,29.52916216,36.64191286,7.90542609,40,7.8,20000,29.83043473,6.431175257,40,8.998818291,8,20500,31.3996488,6.512159285,41,33.3879848,7.6,23500,31.07172371,6.374761211,47,23.66771558,7.8,0.2,20166.66667,288.6751346,30.58641523,0.786172137,6.935566022,0.804515851,40.33333333,0.577350269,26.27623865,15.0403976,0,8
8/5/2024,3,7.686168976,23000,27.61689762,26.91083273,6.823118202,46,7.6,20000,30.52916216,7.863363522,40,36.44191286,7.8,20000,29.83043473,6.431175257,40,8.998818291,8,20500,31.3996488,6.512159285,41,33.3879848,7.6,0.2,21000,1732.050808,29.6588315,0.967612874,7.015636815,0.751513281,42,3.464101615,24.04052129,13.91076178,0,8
8/5/2024,16,7.772566685,20000,26.25666854,17.92945945,6.904275264,40,7.4,23000,28.61689762,6.752371666,46,26.68083273,7.6,20000,30.52916216,7.863363522,40,36.44191286,7.8,20000,29.83043473,6.431175257,40,8.998818291,7.5,0.1,21000,1732.050808,28.80090944,1.643988712,7.142953494,0.624632458,42,3.464101615,26.95073501,9.359145983,0,8
8/5/2024,23,7.80712012,22500,29.712012,17.39004977,6.52952545,45,7.5,20000,27.25666854,6.813125292,40,17.72945945,7.4,23000,28.61689762,6.752371666,46,26.68083273,7.6,20000,30.52916216,7.863363522,40,36.44191286,7.466666667,0.057735027,21833.33333,1607.275127,28.86185939,1.74064767,6.685234196,0.171609606,43.66666667,3.214550254,20.52511398,5.338473054,0,8
8/13/2024,3,8.30161064,6000,29.16106396,27.87080274,6.500313505,12,7.5,22500,30.712012,6.49020563,45,17.16504977,7.5,20000,27.25666854,6.813125292,40,17.72945945,7.4,23000,28.61689762,6.752371666,46,26.68083273,7.666666667,0.288675135,16166.66667,8892.881048,29.3765815,1.856450688,6.585353463,0.198144192,32.33333333,17.7857621,20.90177065,5.990048653,1,8
8/13/2024,2,7.905328137,5500,29.53281372,8.454614627,6.691764617,11,8,6000,30.16106396,6.452729465,12,27.81080274,7.5,22500,30.712012,6.49020563,45,17.16504977,7.5,20000,27.25666854,6.813125292,40,17.72945945,7.7,0.264575131,11333.33333,9673.847907,30.4686299,0.281025992,6.530897306,0.104626977,22.66666667,19.34769581,17.79182238,9.720760719,1,8
8/13/2024,1,8.285960016,6500,27.59600156,41.60861702,6.504702158,13,7.6,5500,30.53281372,6.649756823,11,8.399614627,8,6000,30.16106396,6.452729465,12,27.81080274,7.5,22500,30.712012,6.49020563,45,17.16504977,7.866666667,0.230940108,6000,500,29.76329308,1.027850473,6.512042823,0.11964506,12,1,25.91801146,16.65287416,1,8
8/13/2024,23,8.070830893,5500,26.08308932,38.16192432,5.739964045,11,8,6500,28.59600156,6.433642182,13,41.54361702,7.6,5500,30.53281372,6.649756823,11,8.399614627,8,6000,30.16106396,6.452729465,12,27.81080274,7.8,0.2,5833.333333,577.3502692,28.73730153,1.729197468,6.24320313,0.528182391,11.66666667,1.154700538,29.35005199,18.22479996,1,8
8/13/2024,0,8.296309667,6000,28.6309667,18.76736245,6.631610844,12,7.8,5500,27.08308932,5.646210385,11,38.10692432,8,6500,28.59600156,6.433642182,13,41.54361702,7.6,5500,30.53281372,6.649756823,11,8.399614627,7.933333333,0.115470054,6000,500,28.43668586,1.281388276,6.218642637,0.500830125,12,1,32.78596793,12.31292261,1,8
8/14/2024,0,8.712549009,9500,30.25490089,42.94372354,6.701831016,19,8,6000,29.6309667,6.576075344,12,18.70736245,7.8,5500,27.08308932,5.646210385,11,38.10692432,8,6500,28.59600156,6.433642182,13,41.54361702,8.066666667,0.305505046,7000,2179.449472,29.32298564,2.102889012,6.297646753,0.566138951,14,4.358898944,33.22100344,12.79083641,2,8
8/14/2024,23,8.274358922,11500,26.43589216,48.53665448,7.62721846,23,8.4,9500,31.25490089,6.67065453,19,42.84872354,8,6000,29.6309667,6.576075344,12,18.70736245,7.8,5500,27.08308932,5.646210385,11,38.10692432,8.133333333,0.230940108,9000,2783.882181,29.44058658,1.916609076,6.928495572,0.530613248,18,5.567764363,36.65924683,15.7945245,2,8
8/14/2024,3,8.314673542,12500,30.46735418,46.35467958,7.454573019,25,8,11500,27.43589216,7.538756842,23,48.42165448,8.4,9500,31.25490089,6.67065453,19,42.84872354,8,6000,29.6309667,6.576075344,12,18.70736245,8.133333333,0.230940108,11166.66667,1527.525232,30.05271574,2.268723944,7.211998234,0.472160438,22.33333333,3.055050463,45.83335253,2.807524915,2,8
8/14/2024,2,8.51398863,12000,30.39886298,44.17633315,5.247398812,24,8,12500,31.46735418,7.426583332,25,46.22967958,8,11500,27.43589216,7.538756842,23,48.42165448,8.4,9500,31.25490089,6.67065453,19,42.84872354,8.066666667,0.115470054,12000,500,30.10070311,2.308048047,6.72790731,1.308490073,24,1,46.23588907,2.182667289,2,8
8/14/2024,16,8.809537033,10000,29.95370328,25.08398411,5.809196529,20,8.2,12000,31.39886298,5.218381757,24,44.05633315,8,12500,31.46735418,7.426583332,25,46.22967958,8,11500,27.43589216,7.538756842,23,48.42165448,8.233333333,0.251661148,11500,1322.875656,31.27330681,0.278895274,6.139489055,1.148694215,23,2.645751311,38.42333228,11.68943618,2,8
8/14/2024,1,8.688015917,11000,27.80159168,45.8694422,7.220201813,22,8.5,10000,30.95370328,5.773502078,20,24.98398411,8.2,12000,31.39886298,5.218381757,24,44.05633315,8,12500,31.46735418,7.426583332,25,46.22967958,8.366666667,0.152752523,11000,1000,30.38471932,1.388978624,6.048036508,0.995723332,22,2,38.26658649,11.53454765,2,8
8/21/2024,0,8.11503218,21500,30.50321797,8.388591764,6.218360262,43,8.4,11000,28.80159168,7.152225689,22,45.7594422,8.5,10000,30.95370328,5.773502078,20,24.98398411,8.2,12000,31.39886298,5.218381757,24,44.05633315,8.233333333,0.37859389,14166.66667,6370.504951,30.41950431,1.427838422,6.372212099,0.707016928,28.33333333,12.7410099,26.30567269,18.82775037,2,8
8/21/2024,1,7.899210127,22000,28.92101269,47.57552894,7.643155944,44,7.8,21500,31.50321797,6.190908531,43,8.173591764,8.4,11000,28.80159168,7.152225689,22,45.7594422,8.5,10000,30.95370328,5.773502078,20,24.98398411,7.933333333,0.4163332,18166.66667,6211.548385,30.07527412,1.357403254,6.978368451,0.716529035,36.33333333,12.42309677,33.7628543,22.17531603,2,8
8/21/2024,2,7.703722473,21500,29.37224734,14.58614511,6.337745692,43,7.6,22000,29.92101269,7.591971134,44,47.35552894,7.8,21500,31.50321797,6.190908531,43,8.173591764,8.4,11000,28.80159168,7.152225689,22,45.7594422,7.6,0.2,21666.66667,288.6751346,30.598826,0.815074722,6.692069689,0.781018224,43.33333333,0.577350269,23.30008861,21.06182742,2,8
8/21/2024,3,7.907900118,21500,29.79001178,48.14738397,7.058801617,43,7.4,21500,30.37224734,6.293329402,43,14.37114511,7.6,22000,29.92101269,7.591971134,44,47.35552894,7.8,21500,31.50321797,6.190908531,43,8.173591764,7.533333333,0.115470054,21666.66667,288.6751346,30.36109061,0.434606957,6.968650777,0.650880685,43.33333333,0.577350269,36.55301934,19.21223175,2,8
8/21/2024,23,7.599468036,22000,28.94680364,32.94125696,5.448009148,44,7.6,21500,30.79001178,7.020651794,43,47.93238397,7.4,21500,30.37224734,6.293329402,43,14.37114511,7.6,22000,29.92101269,7.591971134,44,47.35552894,7.433333333,0.152752523,21666.66667,288.6751346,30.36968759,0.421609896,6.237064133,0.813181513,43.33333333,0.577350269,31.67492868,16.80506741,2,8
8/21/2024,16,7.781767153,21500,27.17671532,47.92709305,6.18119871,43,7.3,22000,29.94680364,5.397211203,44,32.72125696,7.6,21500,30.79001178,7.020651794,43,47.93238397,7.4,21500,30.37224734,6.293329402,43,14.37114511,7.466666667,0.152752523,21666.66667,288.6751346,29.63784358,1.333762285,6.173904146,0.813984388,43.33333333,0.577350269,42.78857799,8.719251493,2,8
8/21/2024,17,7.717166771,21500,30.71667707,23.9524004,5.429057792,43,7.5,21500,28.17671532,6.10384944,43,47.71209305,7.3,22000,29.94680364,5.397211203,44,32.72125696,7.6,21500,30.79001178,7.020651794,43,47.93238397,7.4,0.1,21666.66667,288.6751346,29.94673201,1.769980875,5.63528953,0.405802562,43.33333333,0.577350269,34.72358347,12.11212019,2,8
8/29/2024,16,8.280842468,20500,27.08424682,31.36802962,6.814737627,41,7.4,21500,31.71667707,5.404807948,43,23.7374004,7.5,21500,28.17671532,6.10384944,43,47.71209305,7.3,22000,29.94680364,5.397211203,44,32.72125696,7.633333333,0.321455025,21166.66667,577.3502692,29.32587974,2.071007369,6.081552906,0.66587672,42.33333333,1.154700538,34.20417436,12.27325926,3,8
8/29/2024,0,8.09462144,19500,28.46214396,36.34354652,7.808806406,39,8,20500,28.08424682,6.736001329,41,31.16302962,7.4,21500,31.71667707,5.404807948,43,23.7374004,7.5,21500,28.17671532,6.10384944,43,47.71209305,7.733333333,0.305505046,20500,1000,29.75435595,1.83376069,6.630515948,1.176517314,41,2,30.34965885,6.245423605,3,8
8/29/2024,1,7.694734651,21500,28.47346508,41.60934893,5.223085132,43,7.8,19500,29.46214396,7.750738565,39,36.14854652,8,20500,28.08424682,6.736001329,41,31.16302962,7.4,21500,31.71667707,5.404807948,43,23.7374004,7.733333333,0.305505046,20500,1000,29.00661862,0.798817469,6.550642334,1.302703939,41,2,36.23530836,5.116211433,3,8
8/29/2024,2,7.917055131,19000,30.70551311,35.56806263,7.374126617,38,7.4,21500,29.47346508,5.165187108,43,41.39434893,7.8,19500,29.46214396,7.750738565,39,36.14854652,8,20500,28.08424682,6.736001329,41,31.16302962,7.6,0.2,20000,1322.875656,30.21370739,1.291954056,6.755211662,1.391524228,40,2.645751311,37.64031936,3.273830305,3,8
8/29/2024,23,7.816315339,19000,30.63153386,32.07524409,6.301697501,38,7.6,19000,31.70551311,7.349709314,38,35.37806263,7.4,21500,29.47346508,5.165187108,43,41.39434893,7.8,19500,29.46214396,7.750738565,39,36.14854652,7.5,0.1,19833.33333,1443.375673,30.93683735,1.26785726,6.263688977,1.092314588,39.66666667,2.886751346,36.21921855,4.810033906,3,8
8/29/2024,3,7.713104789,18500,30.31047893,7.255185435,7.880443919,37,7.5,19000,31.63153386,6.276170509,38,31.88524409,7.6,19000,31.70551311,7.349709314,38,35.37806263,7.4,21500,29.47346508,5.165187108,43,41.39434893,7.5,0.1,18833.33333,288.6751346,31.5491753,0.210000476,7.158660308,0.804169864,37.66666667,0.577350269,24.77783072,15.43439249,3,8
8/29/2024,17,8.073831947,20000,26.38319467,33.99591241,6.698676671,40,7.4,18500,31.31047893,7.850101103,37,7.070185435,7.5,19000,31.63153386,6.276170509,38,31.88524409,7.6,19000,31.70551311,7.349709314,38,35.37806263,7.566666667,0.2081666,19166.66667,763.7626158,30.10840249,2.365552222,6.911898734,0.829416864,38.33333333,1.527525232,24.25044731,14.90918214,3,8
10/7/2024,0,8.303055136,4500,28.30551364,36.39252919,8.397047264,9,7.8,20000,27.38319467,6.609424591,40,33.79591241,7.4,18500,31.31047893,7.850101103,37,7.070185435,7.5,19000,31.63153386,6.276170509,38,31.88524409,7.733333333,0.305505046,14333.33333,8548.879069,29.66639575,2.040157883,7.437051887,0.716746671,28.66666667,17.09775814,25.73787568,16.2169566,0,10
10/7/2024,1,8.791494464,5000,27.14944637,41.52305511,6.754835207,10,8,4500,30.30551364,7.851629969,9,36.34752919,7.8,20000,27.38319467,6.609424591,40,33.79591241,7.4,18500,31.31047893,7.850101103,37,7.070185435,8.1,0.360555128,9833.333333,8808.140174,28.94605156,1.471738474,6.884377154,0.863266053,19.66666667,17.61628035,37.20549891,3.90982276,0,10
10/7/2024,2,8.190030269,5500,27.00302691,28.27376079,8.086890001,11,8.5,5000,29.14944637,6.192076902,10,41.47305511,8,4500,30.30551364,7.851629969,9,36.34752919,7.8,20000,27.38319467,6.609424591,40,33.79591241,8.133333333,0.321455025,5000,500,29.48599564,0.713489301,7.188547425,0.878572566,10,1,35.34644836,6.68361441,0,10
10/7/2024,3,8.180890512,2500,26.08905119,17.39461599,8.067622361,5,7.9,5500,29.00302691,7.521935405,11,28.21876079,8.5,5000,29.14944637,6.192076902,10,41.47305511,8,4500,30.30551364,7.851629969,9,36.34752919,8.1,0.346410162,4333.333333,1607.275127,28.74717482,0.574634405,7.067656812,0.758453696,8.666666667,3.214550254,29.0204773,12.07170271,0,10
10/7/2024,23,8.306202656,3500,28.62026559,21.65913477,6.797836927,7,7.9,2500,28.08905119,7.488958129,5,17.36961599,7.9,5500,29.00302691,7.521935405,11,28.21876079,8.5,5000,29.14944637,6.192076902,10,41.47305511,7.933333333,0.057735027,3833.333333,1527.525232,29.2374479,1.281786438,7.089344815,0.720898314,7.666666667,3.055050463,22.40417052,5.466473043,0,10
10/9/2024,0,7.801892601,2500,28.18926008,46.49665167,6.935228093,5,8,3500,30.62026559,6.257140911,7,21.62413477,7.9,2500,28.08905119,7.488958129,5,17.36961599,7.9,5500,29.00302691,7.521935405,11,28.21876079,7.8,0.264575131,2833.333333,577.3502692,29.63285895,1.354233449,6.711388678,0.676569359,5.666666667,1.154700538,28.48846748,15.71850558,2,10
10/9/2024,1,7.817458757,2500,29.74587566,48.50270834,7.388612329,5,7.5,2500,30.18926008,6.388066994,5,46.47165167,8,3500,30.62026559,6.257140911,7,21.62413477,7.9,2500,28.08905119,7.488958129,5,17.36961599,7.666666667,0.288675135,2833.333333,577.3502692,30.85180044,0.803722161,6.503336123,0.319808946,5.666666667,1.154700538,38.8578316,14.95848573,2,10
10/9/2024,2,7.814494918,3500,29.44949181,25.67348127,6.658195042,7,7.5,2500,31.74587566,6.864800464,5,48.47770834,7.5,2500,30.18926008,6.388066994,5,46.47165167,8,3500,30.62026559,6.257140911,7,21.62413477,7.5,0,2833.333333,577.3502692,31.12820919,0.826546982,6.460934959,0.372811251,5.666666667,1.154700538,40.19594709,12.64697293,2,10
10/9/2024,3,7.688901475,2500,26.89014747,7.509171692,7.979153667,5,7.5,3500,31.44949181,6.129937419,7,25.63848127,7.5,2500,31.74587566,6.864800464,5,48.47770834,7.5,2500,30.18926008,6.388066994,5,46.47165167,7.466666667,0.057735027,2833.333333,577.3502692,30.69517165,1.570205421,6.802414587,0.643556106,5.666666667,1.154700538,27.20012044,20.54133758,2,10
10/9/2024,16,7.808979217,1500,28.8979217,36.03835268,5.796558264,3,7.4,2500,28.89014747,7.412505879,5,7.484171692,7.5,3500,31.44949181,6.129937419,7,25.63848127,7.5,2500,31.74587566,6.864800464,5,48.47770834,7.466666667,0.057735027,2500,1000,30.41252033,1.346949048,6.267490129,1.082811985,5,2,23.04866855,14.44477623,2,10
10/9/2024,23,7.799810312,7000,27.9810312,15.37556064,5.847862205,14,7.5,1500,30.8979217,5.26002709,3,36.02335268,7.4,2500,28.89014747,7.412505879,5,7.484171692,7.5,3500,31.44949181,6.129937419,7,25.63848127,7.466666667,0.057735027,3666.666667,2929.732639,29.92303346,1.005142847,5.99003688,1.232037358,7.333333333,5.859465277,19.60436167,14.74723637,2,10
